dataset,objective,scheduler,batchsize,Num M,Num Mp,Num Md,Num Ap,Num Ad,NoI_bw(GBps),reference_tokens_per_sec,reference_TTFT(s),rr_denominator
ARXIV,B_star,static,2,6,5,11,1,1,384,394.05,8.449646,39.41698421099844
ARXIV,B_star,fcfs,2,6,5,11,1,1,384,403.5,6.58938295652174,39.41698421099844
ARXIV,B_star,worksteal,2,6,5,11,1,1,384,366.87,6.485799066666666,39.41698421099844
ARXIV,B_star,elastic,2,6,5,11,1,1,384,424.46,6.519727021276596,39.41698421099844
BWB,B_star,static,2,4,9,7,3,1,512,564.24,14.977643800000001,31.877111077769502
BWB,B_star,fcfs,2,4,9,7,3,1,512,615.42,12.2168288,31.877111077769502
BWB,B_star,worksteal,2,4,9,7,3,1,512,657.01,12.0773638,31.877111077769502
BWB,B_star,elastic,2,4,9,7,3,1,512,630.68,11.9251438,31.877111077769502
CHAT,B_star,static,4,6,3,13,1,1,512,948.6,0.8231253548387097,637.9349502647877
CHAT,B_star,fcfs,4,6,3,13,1,1,512,923.98,0.5283714285714285,637.9349502647877
CHAT,B_star,worksteal,4,6,3,13,1,1,512,822.52,0.45155728301886794,637.9349502647877
CHAT,B_star,elastic,4,6,3,13,1,1,512,973.59,0.42821731199999996,637.9349502647877
LW,B_star,static,16,6,7,9,1,1,384,4697.23,11.041149111111112,397.6442228039251
LW,B_star,fcfs,16,6,7,9,1,1,384,5331.67,6.848421333333333,397.6442228039251
LW,B_star,worksteal,16,6,7,9,1,1,384,5280.04,6.276810222222222,397.6442228039251
LW,B_star,elastic,16,6,7,9,1,1,384,5503.23,6.340982444444444,397.6442228039251
ARXIV,M_T,static,4,6,7,7,3,1,384,440.23,16.198693725490195,361.02
ARXIV,M_T,fcfs,4,6,7,7,3,1,384,501.25,10.16281772413793,361.02
ARXIV,M_T,worksteal,4,6,7,7,3,1,384,497.0,10.054372896551724,361.02
ARXIV,M_T,elastic,4,6,7,7,3,1,384,523.07,10.010304813559321,361.02
BWB,M_T,static,8,4,9,7,3,1,512,1152.0,61.812514,744.85
BWB,M_T,fcfs,8,4,9,7,3,1,512,1318.4,48.995004,744.85
BWB,M_T,worksteal,8,4,9,7,3,1,512,1441.2,48.234819,744.85
BWB,M_T,elastic,8,4,9,7,3,1,512,1384.72,48.927319,744.85
CHAT,M_T,static,64,6,5,11,1,1,384,2979.47,19.233093241379308,2821.44
CHAT,M_T,fcfs,64,6,5,11,1,1,384,4775.34,5.769155428571429,2821.44
CHAT,M_T,worksteal,64,6,5,11,1,1,384,4591.17,5.54862887804878,2821.44
CHAT,M_T,elastic,64,6,5,11,1,1,384,5150.48,5.514050090909091,2821.44
LW,M_T,static,32,4,5,11,1,3,384,5647.96,19.311194399999998,5324.29
LW,M_T,fcfs,32,4,5,11,1,3,384,5774.84,9.6812444,5324.29
LW,M_T,worksteal,32,4,5,11,1,3,384,5046.91,9.1395844,5324.29
LW,M_T,elastic,32,4,5,11,1,3,384,6608.47,9.1627644,5324.29
