node_idx,chiplet_type,tiles
6,GDDR7,0:0
4,systolicarray_p,1:0
4,systolicarray_p,2:0
4,systolicarray_p,3:0
4,systolicarray_p,4:0
6,GDDR7,5:0
6,GDDR7,0:1
4,systolicarray_p,1:1
4,systolicarray_p,2:1
4,systolicarray_p,3:1
4,systolicarray_p,4:1
6,GDDR7,5:1
6,GDDR7,0:2
4,systolicarray_p,1:2
4,systolicarray_p,2:2
4,systolicarray_p,3:2
4,systolicarray_p,4:2
6,GDDR7,5:2
6,GDDR7,0:3
4,systolicarray_p,1:3
4,systolicarray_p,2:3
4,systolicarray_p,3:3
4,systolicarray_p,4:3
6,GDDR7,5:3
6,GDDR7,1:4
6,GDDR7,2:4
6,GDDR7,3:4
6,GDDR7,4:4
