Address,Type,IssueCycle,CompleteCycle,Latency
0,READ,0,49,49
8,READ,0,53,53
10,READ,0,57,57
18,READ,0,61,61
20,READ,0,84,84
28,READ,0,88,88
30,READ,0,92,92
38,READ,0,96,96
40,READ,0,119,119
48,READ,0,123,123
50,READ,0,127,127
58,READ,0,131,131
60,READ,0,154,154
68,READ,0,158,158
70,READ,0,162,162
78,READ,0,166,166
80,READ,0,189,189
88,READ,0,193,193
90,READ,0,197,197
98,READ,0,201,201
a0,READ,0,224,224
a8,READ,0,228,228
b0,READ,0,232,232
b8,READ,0,236,236
c0,READ,0,259,259
c8,READ,0,263,263
d0,READ,0,267,267
d8,READ,0,271,271
e0,READ,0,294,294
e8,READ,0,298,298
f0,READ,0,302,302
f8,READ,0,306,306
100,READ,0,307,307
108,READ,1,311,310
110,READ,28,315,287
118,READ,32,319,287
120,READ,36,320,284
128,READ,36,324,288
130,READ,63,328,265
138,READ,67,332,265
140,READ,71,333,262
148,READ,71,337,266
150,READ,98,341,243
158,READ,102,345,243
160,READ,106,346,240
168,READ,106,350,244
170,READ,133,354,221
178,READ,137,358,221
180,READ,141,359,218
188,READ,141,363,222
190,READ,168,367,199
198,READ,172,371,199
1a0,READ,176,372,196
1a8,READ,176,376,200
1b0,READ,203,380,177
1b8,READ,207,384,177
1c0,READ,211,385,174
1c8,READ,211,389,178
1d0,READ,238,393,155
1d8,READ,242,397,155
1e0,READ,246,398,152
1e8,READ,246,402,156
1f0,READ,273,406,133
1f8,READ,277,410,133
200,READ,281,411,130
208,READ,282,415,133
210,READ,286,419,133
218,READ,290,423,133
220,READ,294,424,130
228,READ,295,428,133
230,READ,299,432,133
238,READ,303,436,133
240,READ,307,437,130
248,READ,308,441,133
250,READ,312,445,133
258,READ,316,449,133
260,READ,320,450,130
268,READ,321,454,133
270,READ,325,458,133
278,READ,329,462,133
280,READ,333,463,130
288,READ,334,467,133
290,READ,338,471,133
298,READ,342,475,133
2a0,READ,346,476,130
2a8,READ,347,480,133
2b0,READ,351,484,133
2b8,READ,355,488,133
2c0,READ,359,489,130
2c8,READ,360,493,133
2d0,READ,364,497,133
2d8,READ,368,501,133
2e0,READ,372,502,130
2e8,READ,373,506,133
2f0,READ,377,510,133
2f8,READ,381,514,133
300,READ,385,515,130
308,READ,386,519,133
310,READ,390,523,133
318,READ,394,527,133
320,READ,398,528,130
328,READ,399,532,133
330,READ,403,536,133
338,READ,407,540,133
340,READ,411,541,130
348,READ,412,545,133
350,READ,416,549,133
358,READ,420,553,133
360,READ,424,554,130
368,READ,425,558,133
370,READ,429,562,133
378,READ,433,566,133
380,READ,437,567,130
388,READ,438,571,133
390,READ,442,575,133
398,READ,446,579,133
3a0,READ,450,580,130
3a8,READ,451,584,133
3b0,READ,455,588,133
3b8,READ,459,592,133
3c0,READ,463,593,130
3c8,READ,464,597,133
3d0,READ,468,601,133
3d8,READ,472,605,133
3e0,READ,476,606,130
3e8,READ,477,610,133
3f0,READ,481,614,133
3f8,READ,485,618,133
400,READ,489,619,130
408,READ,490,623,133
410,READ,494,627,133
418,READ,498,631,133
420,READ,502,632,130
428,READ,503,636,133
430,READ,507,640,133
438,READ,511,644,133
440,READ,515,645,130
448,READ,516,649,133
450,READ,520,653,133
458,READ,524,657,133
460,READ,528,658,130
468,READ,529,662,133
470,READ,533,666,133
478,READ,537,670,133
480,READ,541,671,130
488,READ,542,675,133
490,READ,546,679,133
498,READ,550,683,133
4a0,READ,554,684,130
4a8,READ,555,688,133
4b0,READ,559,692,133
4b8,READ,563,696,133
4c0,READ,567,697,130
4c8,READ,568,701,133
4d0,READ,572,705,133
4d8,READ,576,709,133
4e0,READ,580,710,130
4e8,READ,581,714,133
4f0,READ,585,718,133
4f8,READ,589,722,133
500,READ,593,723,130
508,READ,594,727,133
510,READ,598,731,133
518,READ,602,735,133
520,READ,606,736,130
528,READ,607,740,133
530,READ,611,744,133
538,READ,615,748,133
540,READ,619,749,130
548,READ,620,753,133
550,READ,624,757,133
558,READ,628,761,133
560,READ,632,762,130
568,READ,633,766,133
570,READ,637,770,133
578,READ,641,774,133
580,READ,645,775,130
588,READ,646,779,133
590,READ,650,783,133
598,READ,654,787,133
5a0,READ,658,788,130
5a8,READ,659,792,133
5b0,READ,663,796,133
5b8,READ,667,800,133
5c0,READ,671,801,130
5c8,READ,672,805,133
5d0,READ,676,809,133
5d8,READ,680,813,133
5e0,READ,684,814,130
5e8,READ,685,818,133
5f0,READ,689,822,133
5f8,READ,693,826,133
600,READ,697,827,130
608,READ,698,831,133
610,READ,702,835,133
618,READ,706,839,133
620,READ,710,840,130
628,READ,711,844,133
630,READ,715,848,133
638,READ,719,852,133
640,READ,723,853,130
648,READ,724,857,133
650,READ,728,861,133
658,READ,732,865,133
660,READ,736,866,130
668,READ,737,870,133
670,READ,741,874,133
678,READ,745,878,133
680,READ,749,879,130
688,READ,750,883,133
690,READ,754,887,133
698,READ,758,891,133
6a0,READ,762,892,130
6a8,READ,763,896,133
6b0,READ,767,900,133
6b8,READ,771,904,133
6c0,READ,775,905,130
6c8,READ,776,909,133
6d0,READ,780,913,133
6d8,READ,784,917,133
6e0,READ,788,918,130
6e8,READ,789,922,133
6f0,READ,793,926,133
6f8,READ,797,930,133
700,READ,801,931,130
708,READ,802,935,133
710,READ,806,939,133
718,READ,810,943,133
720,READ,814,944,130
728,READ,815,948,133
730,READ,819,952,133
738,READ,823,956,133
740,READ,827,957,130
748,READ,828,961,133
750,READ,832,965,133
758,READ,836,969,133
760,READ,840,970,130
768,READ,841,974,133
770,READ,845,978,133
778,READ,849,982,133
780,READ,853,983,130
788,READ,854,987,133
790,READ,858,991,133
798,READ,862,995,133
7a0,READ,866,996,130
7a8,READ,867,1000,133
7b0,READ,871,1004,133
7b8,READ,875,1008,133
7c0,READ,879,1009,130
7c8,READ,880,1013,133
7d0,READ,884,1017,133
7d8,READ,888,1021,133
7e0,READ,892,1022,130
7e8,READ,893,1026,133
7f0,READ,897,1030,133
7f8,READ,901,1034,133
800,READ,905,1035,130
808,READ,906,1039,133
810,READ,910,1043,133
818,READ,914,1047,133
820,READ,918,1048,130
828,READ,919,1052,133
830,READ,923,1056,133
838,READ,927,1060,133
840,READ,931,1061,130
848,READ,932,1065,133
850,READ,936,1069,133
858,READ,940,1073,133
860,READ,944,1074,130
868,READ,945,1078,133
870,READ,949,1082,133
878,READ,953,1086,133
880,READ,957,1087,130
888,READ,958,1091,133
890,READ,962,1095,133
898,READ,966,1099,133
8a0,READ,970,1100,130
8a8,READ,971,1104,133
8b0,READ,975,1108,133
8b8,READ,979,1112,133
8c0,READ,983,1113,130
8c8,READ,984,1117,133
8d0,READ,988,1121,133
8d8,READ,992,1125,133
8e0,READ,996,1126,130
8e8,READ,997,1130,133
8f0,READ,1001,1134,133
8f8,READ,1005,1138,133
900,READ,1009,1139,130
908,READ,1010,1143,133
910,READ,1014,1147,133
918,READ,1018,1151,133
920,READ,1022,1152,130
928,READ,1023,1156,133
930,READ,1027,1160,133
938,READ,1031,1164,133
940,READ,1035,1165,130
948,READ,1036,1169,133
950,READ,1040,1173,133
958,READ,1044,1177,133
960,READ,1048,1178,130
968,READ,1049,1182,133
970,READ,1053,1186,133
978,READ,1057,1190,133
980,READ,1061,1191,130
988,READ,1062,1195,133
990,READ,1066,1199,133
998,READ,1070,1203,133
9a0,READ,1074,1204,130
9a8,READ,1075,1208,133
9b0,READ,1079,1212,133
9b8,READ,1083,1216,133
9c0,READ,1087,1217,130
9c8,READ,1088,1221,133
9d0,READ,1092,1225,133
9d8,READ,1096,1229,133
9e0,READ,1100,1230,130
9e8,READ,1101,1234,133
9f0,READ,1105,1238,133
9f8,READ,1109,1242,133
a00,READ,1113,1243,130
a08,READ,1114,1247,133
a10,READ,1118,1251,133
a18,READ,1122,1255,133
a20,READ,1126,1256,130
a28,READ,1127,1260,133
a30,READ,1131,1264,133
a38,READ,1135,1268,133
a40,READ,1139,1269,130
a48,READ,1140,1273,133
a50,READ,1144,1277,133
a58,READ,1148,1281,133
a60,READ,1152,1282,130
a68,READ,1153,1286,133
a70,READ,1157,1290,133
a78,READ,1161,1294,133
a80,READ,1165,1295,130
a88,READ,1166,1299,133
a90,READ,1170,1303,133
a98,READ,1174,1307,133
aa0,READ,1178,1308,130
aa8,READ,1179,1312,133
ab0,READ,1183,1316,133
ab8,READ,1187,1320,133
ac0,READ,1191,1321,130
ac8,READ,1192,1325,133
ad0,READ,1196,1329,133
ad8,READ,1200,1333,133
ae0,READ,1204,1334,130
ae8,READ,1205,1338,133
af0,READ,1209,1342,133
af8,READ,1213,1346,133
b00,READ,1217,1347,130
b08,READ,1218,1351,133
b10,READ,1222,1355,133
b18,READ,1226,1359,133
b20,READ,1230,1360,130
b28,READ,1231,1364,133
b30,READ,1235,1368,133
b38,READ,1239,1372,133
b40,READ,1243,1373,130
b48,READ,1244,1377,133
b50,READ,1248,1381,133
b58,READ,1252,1385,133
b60,READ,1256,1386,130
b68,READ,1257,1390,133
b70,READ,1261,1394,133
b78,READ,1265,1398,133
b80,READ,1269,1399,130
b88,READ,1270,1403,133
b90,READ,1274,1407,133
b98,READ,1278,1411,133
ba0,READ,1282,1412,130
ba8,READ,1283,1416,133
bb0,READ,1287,1420,133
bb8,READ,1291,1424,133
bc0,READ,1295,1425,130
bc8,READ,1296,1429,133
bd0,READ,1300,1433,133
bd8,READ,1304,1437,133
be0,READ,1308,1438,130
be8,READ,1309,1442,133
bf0,READ,1313,1446,133
bf8,READ,1317,1450,133
c00,READ,1321,1451,130
c08,READ,1322,1455,133
c10,READ,1326,1459,133
c18,READ,1330,1463,133
c20,READ,1334,1464,130
c28,READ,1335,1468,133
c30,READ,1339,1472,133
c38,READ,1343,1476,133
c40,READ,1347,1477,130
c48,READ,1348,1481,133
c50,READ,1352,1485,133
c58,READ,1356,1489,133
c60,READ,1360,1490,130
c68,READ,1361,1494,133
c70,READ,1365,1498,133
c78,READ,1369,1502,133
c80,READ,1373,1503,130
c88,READ,1374,1507,133
c90,READ,1378,1511,133
c98,READ,1382,1515,133
ca0,READ,1386,1516,130
ca8,READ,1387,1520,133
cb0,READ,1391,1524,133
cb8,READ,1395,1528,133
cc0,READ,1399,1529,130
cc8,READ,1400,1533,133
cd0,READ,1404,1537,133
cd8,READ,1408,1541,133
ce0,READ,1412,1542,130
ce8,READ,1413,1546,133
cf0,READ,1417,1550,133
cf8,READ,1421,1554,133
d00,READ,1425,1555,130
d08,READ,1426,1559,133
d10,READ,1430,1563,133
d18,READ,1434,1567,133
d20,READ,1438,1568,130
d28,READ,1439,1572,133
d30,READ,1443,1576,133
d38,READ,1447,1580,133
d40,READ,1451,1581,130
d48,READ,1452,1585,133
d50,READ,1456,1589,133
d58,READ,1460,1593,133
d60,READ,1464,1594,130
d68,READ,1465,1598,133
d70,READ,1469,1602,133
d78,READ,1473,1606,133
d80,READ,1477,1607,130
d88,READ,1478,1611,133
d90,READ,1482,1615,133
d98,READ,1486,1619,133
da0,READ,1490,1620,130
da8,READ,1491,1624,133
db0,READ,1495,1628,133
db8,READ,1499,1632,133
dc0,READ,1503,1633,130
dc8,READ,1504,1637,133
dd0,READ,1508,1641,133
dd8,READ,1512,1645,133
de0,READ,1516,1646,130
de8,READ,1517,1650,133
df0,READ,1521,1654,133
df8,READ,1525,1658,133
e00,READ,1529,1659,130
e08,READ,1530,1663,133
e10,READ,1534,1667,133
e18,READ,1538,1671,133
e20,READ,1542,1672,130
e28,READ,1543,1676,133
e30,READ,1547,1680,133
e38,READ,1551,1684,133
e40,READ,1555,1685,130
e48,READ,1556,1689,133
e50,READ,1560,1693,133
e58,READ,1564,1697,133
e60,READ,1568,1698,130
e68,READ,1569,1702,133
e70,READ,1573,1706,133
e78,READ,1577,1710,133
e80,READ,1581,1711,130
e88,READ,1582,1715,133
e90,READ,1586,1719,133
e98,READ,1590,1723,133
ea0,READ,1594,1724,130
ea8,READ,1595,1728,133
eb0,READ,1599,1732,133
eb8,READ,1603,1736,133
ec0,READ,1607,1737,130
ec8,READ,1608,1741,133
ed0,READ,1612,1745,133
ed8,READ,1616,1749,133
ee0,READ,1620,1750,130
ee8,READ,1621,1754,133
ef0,READ,1625,1758,133
ef8,READ,1629,1762,133
f00,READ,1633,1763,130
f08,READ,1634,1767,133
f10,READ,1638,1771,133
f18,READ,1642,1775,133
f20,READ,1646,1776,130
f28,READ,1647,1780,133
f30,READ,1651,1784,133
f38,READ,1655,1788,133
f40,READ,1659,1789,130
f48,READ,1660,1793,133
f50,READ,1664,1797,133
f58,READ,1668,1801,133
f60,READ,1672,1802,130
f68,READ,1673,1806,133
f70,READ,1677,1810,133
f78,READ,1681,1814,133
f80,READ,1685,1815,130
f88,READ,1686,1819,133
f90,READ,1690,1823,133
f98,READ,1694,1827,133
fa0,READ,1698,1828,130
fa8,READ,1699,1832,133
fb0,READ,1703,1836,133
fb8,READ,1707,1840,133
fc0,READ,1711,1841,130
fc8,READ,1712,1845,133
fd0,READ,1716,1849,133
fd8,READ,1720,1853,133
fe0,READ,1724,1854,130
fe8,READ,1725,1858,133
ff0,READ,1729,1862,133
ff8,READ,1733,1866,133
1000,READ,1737,1867,130
1008,READ,1738,1871,133
1010,READ,1742,1875,133
1018,READ,1746,1879,133
1020,READ,1750,1880,130
1028,READ,1751,1884,133
1030,READ,1755,1888,133
1038,READ,1759,1892,133
1040,READ,1763,1893,130
1048,READ,1764,1897,133
1050,READ,1768,1901,133
1058,READ,1772,1905,133
1060,READ,1776,1906,130
1068,READ,1777,1910,133
1070,READ,1781,1914,133
1078,READ,1785,1918,133
1080,READ,1789,1919,130
1088,READ,1790,1923,133
1090,READ,1794,1927,133
1098,READ,1798,1931,133
10a0,READ,1802,1932,130
10a8,READ,1803,1936,133
10b0,READ,1807,1940,133
10b8,READ,1811,1944,133
10c0,READ,1815,1945,130
10c8,READ,1816,1949,133
10d0,READ,1820,1953,133
10d8,READ,1824,1957,133
10e0,READ,1828,1958,130
10e8,READ,1829,1962,133
10f0,READ,1833,1966,133
10f8,READ,1837,1970,133
1100,READ,1841,1971,130
1108,READ,1842,1975,133
1110,READ,1846,1979,133
1118,READ,1850,1983,133
1120,READ,1854,1984,130
1128,READ,1855,1988,133
1130,READ,1859,1992,133
1138,READ,1863,1996,133
1140,READ,1867,1997,130
1148,READ,1868,2001,133
1150,READ,1872,2005,133
1158,READ,1876,2009,133
1160,READ,1880,2010,130
1168,READ,1881,2014,133
1170,READ,1885,2018,133
1178,READ,1889,2022,133
1180,READ,1893,2023,130
1188,READ,1894,2027,133
1190,READ,1898,2031,133
1198,READ,1902,2035,133
11a0,READ,1906,2036,130
11a8,READ,1907,2040,133
11b0,READ,1911,2044,133
11b8,READ,1915,2048,133
11c0,READ,1919,2049,130
11c8,READ,1920,2053,133
11d0,READ,1924,2057,133
11d8,READ,1928,2061,133
11e0,READ,1932,2062,130
11e8,READ,1933,2066,133
11f0,READ,1937,2070,133
11f8,READ,1941,2074,133
1200,READ,1945,2075,130
1208,READ,1946,2079,133
1210,READ,1950,2083,133
1218,READ,1954,2087,133
1220,READ,1958,2088,130
1228,READ,1959,2092,133
1230,READ,1963,2096,133
1238,READ,1967,2100,133
1240,READ,1971,2101,130
1248,READ,1972,2105,133
1250,READ,1976,2109,133
1258,READ,1980,2113,133
1260,READ,1984,2114,130
1268,READ,1985,2118,133
1270,READ,1989,2122,133
1278,READ,1993,2126,133
1280,READ,1997,2127,130
1288,READ,1998,2131,133
1290,READ,2002,2135,133
1298,READ,2006,2139,133
12a0,READ,2010,2140,130
12a8,READ,2011,2144,133
12b0,READ,2015,2148,133
12b8,READ,2019,2152,133
12c0,READ,2023,2153,130
12c8,READ,2024,2157,133
12d0,READ,2028,2161,133
12d8,READ,2032,2165,133
12e0,READ,2036,2166,130
12e8,READ,2037,2170,133
12f0,READ,2041,2174,133
12f8,READ,2045,2178,133
1300,READ,2049,2179,130
1308,READ,2050,2183,133
1310,READ,2054,2187,133
1318,READ,2058,2191,133
1320,READ,2062,2192,130
1328,READ,2063,2196,133
1330,READ,2067,2200,133
1338,READ,2071,2204,133
1340,READ,2075,2205,130
1348,READ,2076,2209,133
1350,READ,2080,2213,133
1358,READ,2084,2217,133
1360,READ,2088,2218,130
1368,READ,2089,2222,133
1370,READ,2093,2226,133
1378,READ,2097,2230,133
1380,READ,2101,2231,130
1388,READ,2102,2235,133
1390,READ,2106,2239,133
1398,READ,2110,2243,133
13a0,READ,2114,2244,130
13a8,READ,2115,2248,133
13b0,READ,2119,2252,133
13b8,READ,2123,2256,133
13c0,READ,2127,2257,130
13c8,READ,2128,2261,133
13d0,READ,2132,2265,133
13d8,READ,2136,2269,133
13e0,READ,2140,2270,130
13e8,READ,2141,2274,133
13f0,READ,2145,2278,133
13f8,READ,2149,2282,133
1400,READ,2153,2283,130
1408,READ,2154,2287,133
1410,READ,2158,2291,133
1418,READ,2162,2295,133
1420,READ,2166,2296,130
1428,READ,2167,2300,133
1430,READ,2171,2304,133
1438,READ,2175,2308,133
1440,READ,2179,2309,130
1448,READ,2180,2313,133
1450,READ,2184,2317,133
1458,READ,2188,2321,133
1460,READ,2192,2322,130
1468,READ,2193,2326,133
1470,READ,2197,2330,133
1478,READ,2201,2334,133
1480,READ,2205,2335,130
1488,READ,2206,2339,133
1490,READ,2210,2343,133
1498,READ,2214,2347,133
14a0,READ,2218,2348,130
14a8,READ,2219,2352,133
14b0,READ,2223,2356,133
14b8,READ,2227,2360,133
14c0,READ,2231,2361,130
14c8,READ,2232,2365,133
14d0,READ,2236,2369,133
14d8,READ,2240,2373,133
14e0,READ,2244,2374,130
14e8,READ,2245,2378,133
14f0,READ,2249,2382,133
14f8,READ,2253,2386,133
1500,READ,2257,2387,130
1508,READ,2258,2391,133
1510,READ,2262,2395,133
1518,READ,2266,2399,133
1520,READ,2270,2400,130
1528,READ,2271,2404,133
1530,READ,2275,2408,133
1538,READ,2279,2412,133
1540,READ,2283,2413,130
1548,READ,2284,2417,133
1550,READ,2288,2421,133
1558,READ,2292,2425,133
1560,READ,2296,2426,130
1568,READ,2297,2430,133
1570,READ,2301,2434,133
1578,READ,2305,2438,133
1580,READ,2309,2439,130
1588,READ,2310,2443,133
1590,READ,2314,2447,133
1598,READ,2318,2451,133
15a0,READ,2322,2452,130
15a8,READ,2323,2456,133
15b0,READ,2327,2460,133
15b8,READ,2331,2464,133
15c0,READ,2335,2465,130
15c8,READ,2336,2469,133
15d0,READ,2340,2473,133
15d8,READ,2344,2477,133
15e0,READ,2348,2478,130
15e8,READ,2349,2482,133
15f0,READ,2353,2486,133
15f8,READ,2357,2490,133
1600,READ,2361,2491,130
1608,READ,2362,2495,133
1610,READ,2366,2499,133
1618,READ,2370,2503,133
1620,READ,2374,2504,130
1628,READ,2375,2508,133
1630,READ,2379,2512,133
1638,READ,2383,2516,133
1640,READ,2387,2517,130
1648,READ,2388,2521,133
1650,READ,2392,2525,133
1658,READ,2396,2529,133
1660,READ,2400,2530,130
1668,READ,2401,2534,133
1670,READ,2405,2538,133
1678,READ,2409,2542,133
1680,READ,2413,2543,130
1688,READ,2414,2547,133
1690,READ,2418,2551,133
1698,READ,2422,2555,133
16a0,READ,2426,2556,130
16a8,READ,2427,2560,133
16b0,READ,2431,2564,133
16b8,READ,2435,2568,133
16c0,READ,2439,2569,130
16c8,READ,2440,2573,133
16d0,READ,2444,2577,133
16d8,READ,2448,2581,133
16e0,READ,2452,2582,130
16e8,READ,2453,2586,133
16f0,READ,2457,2590,133
16f8,READ,2461,2594,133
1700,READ,2465,2595,130
1708,READ,2466,2599,133
1710,READ,2470,2603,133
1718,READ,2474,2607,133
1720,READ,2478,2608,130
1728,READ,2479,2612,133
1730,READ,2483,2616,133
1738,READ,2487,2620,133
1740,READ,2491,2621,130
1748,READ,2492,2625,133
1750,READ,2496,2629,133
1758,READ,2500,2633,133
1760,READ,2504,2634,130
1768,READ,2505,2638,133
1770,READ,2509,2642,133
1778,READ,2513,2646,133
1780,READ,2517,2647,130
1788,READ,2518,2651,133
1790,READ,2522,2655,133
1798,READ,2526,2659,133
17a0,READ,2530,2660,130
17a8,READ,2531,2664,133
17b0,READ,2535,2668,133
17b8,READ,2539,2672,133
17c0,READ,2543,2673,130
17c8,READ,2544,2677,133
17d0,READ,2548,2681,133
17d8,READ,2552,2685,133
17e0,READ,2556,2686,130
17e8,READ,2557,2690,133
17f0,READ,2561,2694,133
17f8,READ,2565,2698,133
1800,READ,2569,2699,130
1808,READ,2570,2703,133
1810,READ,2574,2707,133
1818,READ,2578,2711,133
1820,READ,2582,2712,130
1828,READ,2583,2716,133
1830,READ,2587,2720,133
1838,READ,2591,2724,133
1840,READ,2595,2725,130
1848,READ,2596,2729,133
1850,READ,2600,2733,133
1858,READ,2604,2737,133
1860,READ,2608,2738,130
1868,READ,2609,2742,133
1870,READ,2613,2746,133
1878,READ,2617,2750,133
1880,READ,2621,2751,130
1888,READ,2622,2755,133
1890,READ,2626,2759,133
1898,READ,2630,2763,133
18a0,READ,2634,2764,130
18a8,READ,2635,2768,133
18b0,READ,2639,2772,133
18b8,READ,2643,2776,133
18c0,READ,2647,2777,130
18c8,READ,2648,2781,133
18d0,READ,2652,2785,133
18d8,READ,2656,2789,133
18e0,READ,2660,2790,130
18e8,READ,2661,2794,133
18f0,READ,2665,2798,133
18f8,READ,2669,2802,133
1900,READ,2673,2803,130
1908,READ,2674,2807,133
1910,READ,2678,2811,133
1918,READ,2682,2815,133
1920,READ,2686,2816,130
1928,READ,2687,2820,133
1930,READ,2691,2824,133
1938,READ,2695,2828,133
1940,READ,2699,2829,130
1948,READ,2700,2833,133
1950,READ,2704,2837,133
1958,READ,2708,2841,133
1960,READ,2712,2842,130
1968,READ,2713,2846,133
1970,READ,2717,2850,133
1978,READ,2721,2854,133
1980,READ,2725,2855,130
1988,READ,2726,2859,133
1990,READ,2730,2863,133
1998,READ,2734,2867,133
19a0,READ,2738,2868,130
19a8,READ,2739,2872,133
19b0,READ,2743,2876,133
19b8,READ,2747,2880,133
19c0,READ,2751,2881,130
19c8,READ,2752,2885,133
19d0,READ,2756,2889,133
19d8,READ,2760,2893,133
19e0,READ,2764,2894,130
19e8,READ,2765,2898,133
19f0,READ,2769,2902,133
19f8,READ,2773,2906,133
1a00,READ,2777,2907,130
1a08,READ,2778,2911,133
1a10,READ,2782,2915,133
1a18,READ,2786,2919,133
1a20,READ,2790,2920,130
1a28,READ,2791,2924,133
1a30,READ,2795,2928,133
1a38,READ,2799,2932,133
1a40,READ,2803,2933,130
1a48,READ,2804,2937,133
1a50,READ,2808,2941,133
1a58,READ,2812,2945,133
1a60,READ,2816,2946,130
1a68,READ,2817,2950,133
1a70,READ,2821,2954,133
1a78,READ,2825,2958,133
1a80,READ,2829,2959,130
1a88,READ,2830,2963,133
1a90,READ,2834,2967,133
1a98,READ,2838,2971,133
1aa0,READ,2842,2972,130
1aa8,READ,2843,2976,133
1ab0,READ,2847,2980,133
1ab8,READ,2851,2984,133
1ac0,READ,2855,2985,130
1ac8,READ,2856,2989,133
1ad0,READ,2860,2993,133
1ad8,READ,2864,2997,133
1ae0,READ,2868,2998,130
1ae8,READ,2869,3002,133
1af0,READ,2873,3006,133
1af8,READ,2877,3010,133
1b00,READ,2881,3011,130
1b08,READ,2882,3015,133
1b10,READ,2886,3019,133
1b18,READ,2890,3023,133
1b20,READ,2894,3024,130
1b28,READ,2895,3028,133
1b30,READ,2899,3032,133
1b38,READ,2903,3036,133
1b40,READ,2907,3037,130
1b48,READ,2908,3041,133
1b50,READ,2912,3045,133
1b58,READ,2916,3049,133
1b60,READ,2920,3050,130
1b68,READ,2921,3054,133
1b70,READ,2925,3058,133
1b78,READ,2929,3062,133
1b80,READ,2933,3063,130
1b88,READ,2934,3067,133
1b90,READ,2938,3071,133
1b98,READ,2942,3075,133
1ba0,READ,2946,3076,130
1ba8,READ,2947,3080,133
1bb0,READ,2951,3084,133
1bb8,READ,2955,3088,133
1bc0,READ,2959,3089,130
1bc8,READ,2960,3093,133
1bd0,READ,2964,3097,133
1bd8,READ,2968,3101,133
1be0,READ,2972,3102,130
1be8,READ,2973,3106,133
1bf0,READ,2977,3110,133
1bf8,READ,2981,3114,133
1c00,READ,2985,3115,130
1c08,READ,2986,3119,133
1c10,READ,2990,3123,133
1c18,READ,2994,3127,133
1c20,READ,2998,3128,130
1c28,READ,2999,3132,133
1c30,READ,3003,3136,133
1c38,READ,3007,3140,133
1c40,READ,3011,3141,130
1c48,READ,3012,3145,133
1c50,READ,3016,3149,133
1c58,READ,3020,3153,133
1c60,READ,3024,3154,130
1c68,READ,3025,3158,133
1c70,READ,3029,3162,133
1c78,READ,3033,3166,133
1c80,READ,3037,3167,130
1c88,READ,3038,3171,133
1c90,READ,3042,3175,133
1c98,READ,3046,3179,133
1ca0,READ,3050,3180,130
1ca8,READ,3051,3184,133
1cb0,READ,3055,3188,133
1cb8,READ,3059,3192,133
1cc0,READ,3063,3193,130
1cc8,READ,3064,3197,133
1cd0,READ,3068,3201,133
1cd8,READ,3072,3205,133
1ce0,READ,3076,3206,130
1ce8,READ,3077,3210,133
1cf0,READ,3081,3214,133
1cf8,READ,3085,3218,133
1d00,READ,3089,3219,130
1d08,READ,3090,3223,133
1d10,READ,3094,3227,133
1d18,READ,3098,3231,133
1d20,READ,3102,3232,130
1d28,READ,3103,3236,133
1d30,READ,3107,3240,133
1d38,READ,3111,3244,133
1d40,READ,3115,3245,130
1d48,READ,3116,3249,133
1d50,READ,3120,3253,133
1d58,READ,3124,3257,133
1d60,READ,3128,3258,130
1d68,READ,3129,3262,133
1d70,READ,3133,3266,133
1d78,READ,3137,3270,133
1d80,READ,3141,3271,130
1d88,READ,3142,3275,133
1d90,READ,3146,3279,133
1d98,READ,3150,3283,133
1da0,READ,3154,3284,130
1da8,READ,3155,3288,133
1db0,READ,3159,3292,133
1db8,READ,3163,3296,133
1dc0,READ,3167,3297,130
1dc8,READ,3168,3301,133
1dd0,READ,3172,3305,133
1dd8,READ,3176,3309,133
1de0,READ,3180,3310,130
1de8,READ,3181,3314,133
1df0,READ,3185,3318,133
1df8,READ,3189,3322,133
1e00,READ,3193,3323,130
1e08,READ,3194,3327,133
1e10,READ,3198,3331,133
1e18,READ,3202,3335,133
1e20,READ,3206,3336,130
1e28,READ,3207,3340,133
1e30,READ,3211,3344,133
1e38,READ,3215,3348,133
1e40,READ,3219,3349,130
1e48,READ,3220,3353,133
1e50,READ,3224,3357,133
1e58,READ,3228,3361,133
1e60,READ,3232,3362,130
1e68,READ,3233,3366,133
1e70,READ,3237,3370,133
1e78,READ,3241,3374,133
1e80,READ,3245,3375,130
1e88,READ,3246,3379,133
1e90,READ,3250,3383,133
1e98,READ,3254,3387,133
1ea0,READ,3258,3388,130
1ea8,READ,3259,3392,133
1eb0,READ,3263,3396,133
1eb8,READ,3267,3400,133
1ec0,READ,3271,3401,130
1ec8,READ,3272,3405,133
1ed0,READ,3276,3409,133
1ed8,READ,3280,3413,133
1ee0,READ,3284,3414,130
1ee8,READ,3285,3418,133
1ef0,READ,3289,3422,133
1ef8,READ,3293,3426,133
1f00,READ,3297,3427,130
1f08,READ,3298,3431,133
1f10,READ,3302,3435,133
1f18,READ,3306,3439,133
1f20,READ,3310,3440,130
1f28,READ,3311,3444,133
1f30,READ,3315,3448,133
1f38,READ,3319,3452,133
1f40,READ,3323,3453,130
1f48,READ,3324,3457,133
1f50,READ,3328,3461,133
1f58,READ,3332,3465,133
1f60,READ,3336,3466,130
1f68,READ,3337,3470,133
1f70,READ,3341,3474,133
1f78,READ,3345,3478,133
1f80,READ,3349,3479,130
1f88,READ,3350,3483,133
1f90,READ,3354,3487,133
1f98,READ,3358,3491,133
1fa0,READ,3362,3492,130
1fa8,READ,3363,3496,133
1fb0,READ,3367,3500,133
1fb8,READ,3371,3504,133
1fc0,READ,3375,3505,130
1fc8,READ,3376,3509,133
1fd0,READ,3380,3513,133
1fd8,READ,3384,3517,133
1fe0,READ,3388,3518,130
1fe8,READ,3389,3522,133
1ff0,READ,3393,3526,133
1ff8,READ,3397,3530,133
