dataset,objective,placement,config_source,batchsize,Num M,Num Mp,Num Md,Num Ap,Num Ad,NoI_bw(GBps),reference_tokens_per_sec,reference_TTFT(s)
ARXIV,B_star,rr,rr,2,6,7,7,3,1,384,340.52,8.638915604938273
ARXIV,B_star,random,bw,2,6,5,11,1,1,384,383.15,8.661458857142856
ARXIV,B_star,bw,bw,2,6,5,11,1,1,384,395.02,8.440737304347826
ARXIV,M_T,rr,rr,2,6,7,7,3,1,512,361.02,10.311067209876542
ARXIV,M_T,random,rr,2,6,7,7,3,1,512,374.6,8.554986622222222
ARXIV,M_T,bw,bw,4,6,7,7,3,1,384,450.16,15.301991169811322
BWB,B_star,rr,rr,2,2,11,7,3,1,512,439.37,13.783244
BWB,B_star,random,bw,2,4,9,7,3,1,512,549.92,14.752828800000001
BWB,B_star,bw,bw,2,4,9,7,3,1,512,572.9,14.6047438
BWB,M_T,rr,rr,4,6,7,7,3,1,512,744.85,55.672578200000004
BWB,M_T,random,rr,4,6,7,7,3,1,512,965.32,32.92488022222222
BWB,M_T,bw,bw,8,4,9,7,3,1,512,1175.36,59.508309
CHAT,B_star,rr,rr,64,2,9,7,3,3,256,2509.05,3.9330812631578946
CHAT,B_star,random,rr,64,2,9,7,3,3,256,2458.26,3.7634972631578947
CHAT,B_star,bw,bw,4,6,3,13,1,1,512,948.39,0.8086342258064516
CHAT,M_T,rr,rr,32,4,5,13,1,1,384,2821.44,12.258554285714286
CHAT,M_T,random,rr,32,4,5,13,1,1,384,2721.88,12.949519047619049
CHAT,M_T,bw,bw,64,6,5,11,1,1,384,2983.37,19.28234151724138
LW,B_star,rr,rr,16,6,7,9,1,1,512,5165.01,12.989023111111113
LW,B_star,random,rr,16,6,7,9,1,1,512,5083.05,12.904901777777779
LW,B_star,bw,bw,16,6,7,9,1,1,384,4506.02,11.041204666666665
LW,M_T,rr,rr,16,6,5,9,1,3,512,5324.29,14.328573111111112
LW,M_T,random,rr,16,6,5,9,1,3,512,5284.02,14.523674
LW,M_T,bw,bw,32,4,5,11,1,3,384,5667.88,19.3271344
