dataset,objective,scheduler,metric_name,metric,norm_vs_rr,tokens_per_sec,TTFT(s),completed_requests,reference_metric,reference_norm_vs_rr,reference_tokens_per_sec,reference_TTFT(s),metric_delta_percent,rr_denominator,batchsize,Num M,Num Mp,Num Md,Num Ap,Num Ad,NoI_bw(GBps),run_dir
ARXIV,B_star,static,TP_per_TTFT,46.30817460089729,1.1748279460704152,393.92,8.50648947826087,158,46.63508980139523,1.1831217109801804,394.05,8.449646,-0.7010069067952429,39.41698421099844,2,6,5,11,1,1,384,artifact/run_outputs/vi_e_scheduler_strategies/fig12/raw_simulations/arxiv/bstar/static/2026-07-22_02-42-06-636859+FIG12_ARXIV_B_star_static_BW384_BS2_M6_Ap1_Ad1_Mp5_Md11
ARXIV,B_star,fcfs,TP_per_TTFT,63.42449523059794,1.609065140323463,407.66,6.427485130434782,169,61.23486867623047,1.5535148084501154,403.5,6.58938295652174,3.5757838657983765,39.41698421099844,2,6,5,11,1,1,384,artifact/run_outputs/vi_e_scheduler_strategies/fig12/raw_simulations/arxiv/bstar/fcfs/2026-07-22_02-42-06-637069+FIG12_ARXIV_B_star_fcfs_BW384_BS2_M6_Ap1_Ad1_Mp5_Md11
ARXIV,B_star,worksteal,TP_per_TTFT,55.57049644311089,1.409810962341588,365.76,6.58190988764045,154,56.565119614251394,1.4350443278831093,366.87,6.485799066666666,-1.75836836892308,39.41698421099844,2,6,5,11,1,1,384,artifact/run_outputs/vi_e_scheduler_strategies/fig12/raw_simulations/arxiv/bstar/worksteal/2026-07-22_02-42-11-821094+FIG12_ARXIV_B_star_worksteal_BW384_BS2_M6_Ap1_Ad1_Mp5_Md11
ARXIV,B_star,elastic,TP_per_TTFT,65.3347385207212,1.6575275817902624,425.08,6.506186595744681,175,65.1039527598026,1.651672599083234,424.46,6.519727021276596,0.35448809348039845,39.41698421099844,2,6,5,11,1,1,384,artifact/run_outputs/vi_e_scheduler_strategies/fig12/raw_simulations/arxiv/bstar/elastic/2026-07-22_02-42-11-821811+FIG12_ARXIV_B_star_elastic_BW384_BS2_M6_Ap1_Ad1_Mp5_Md11
BWB,B_star,static,TP_per_TTFT,38.65222757444324,1.2125385979973127,566.9,14.666683800000001,0,37.67214707028885,1.1817930106144625,564.24,14.977643800000001,2.601605112460792,31.877111077769502,2,4,9,7,3,1,512,artifact/run_outputs/vi_e_scheduler_strategies/fig12/raw_simulations/bwb/bstar/static/2026-07-22_02-42-06-637362+FIG12_BWB_B_star_static_BW512_BS2_M4_Ap3_Ad1_Mp9_Md7
BWB,B_star,fcfs,TP_per_TTFT,49.77602915112151,1.561497496736283,608.1,12.2167238,0,50.37477483518472,1.5802804310681449,615.42,12.2168288,-1.188582353017309,31.877111077769502,2,4,9,7,3,1,512,artifact/run_outputs/vi_e_scheduler_strategies/fig12/raw_simulations/bwb/bstar/fcfs/2026-07-22_02-42-11-318281+FIG12_BWB_B_star_fcfs_BW512_BS2_M4_Ap3_Ad1_Mp9_Md7
BWB,B_star,worksteal,TP_per_TTFT,55.12840557172055,1.7294040679290434,656.41,11.906928800000001,1,54.400116687716235,1.706557302353972,657.01,12.0773638,1.3387634592496367,31.877111077769502,2,4,9,7,3,1,512,artifact/run_outputs/vi_e_scheduler_strategies/fig12/raw_simulations/bwb/bstar/worksteal/2026-07-22_02-42-06-648015+FIG12_BWB_B_star_worksteal_BW512_BS2_M4_Ap3_Ad1_Mp9_Md7
BWB,B_star,elastic,TP_per_TTFT,52.41792632458438,1.644375056343787,629.48,12.0088688,0,52.88657399670098,1.659076754718312,630.68,11.9251438,-0.8861373250342086,31.877111077769502,2,4,9,7,3,1,512,artifact/run_outputs/vi_e_scheduler_strategies/fig12/raw_simulations/bwb/bstar/elastic/2026-07-22_02-42-06-637343+FIG12_BWB_B_star_elastic_BW512_BS2_M4_Ap3_Ad1_Mp9_Md7
CHAT,B_star,static,TP_per_TTFT,1172.8294075781541,1.8384780565657168,948.39,0.8086342258064516,455,1152.4368608301186,1.8065115578818443,948.6,0.8231253548387097,1.7695153149949183,637.9349502647877,4,6,3,13,1,1,512,artifact/run_outputs/vi_e_scheduler_strategies/fig12/raw_simulations/chat/bstar/static/2026-07-22_02-42-06-637237+FIG12_CHAT_B_star_static_BW512_BS4_M6_Ap1_Ad1_Mp3_Md13
CHAT,B_star,fcfs,TP_per_TTFT,1744.8673145533048,2.7351806227720594,923.07,0.5290201680672268,440,1748.7319526307253,2.7412386668968036,923.98,0.5283714285714285,-0.2209965953676729,637.9349502647877,4,6,3,13,1,1,512,artifact/run_outputs/vi_e_scheduler_strategies/fig12/raw_simulations/chat/bstar/fcfs/2026-07-22_02-42-06-638179+FIG12_CHAT_B_star_fcfs_BW512_BS4_M6_Ap1_Ad1_Mp3_Md13
CHAT,B_star,worksteal,TP_per_TTFT,1824.1600924756199,2.859476646824987,822.62,0.4509582264150943,394,1821.518622180282,2.8553359890757264,822.52,0.45155728301886794,0.1450147290932513,637.9349502647877,4,6,3,13,1,1,512,artifact/run_outputs/vi_e_scheduler_strategies/fig12/raw_simulations/chat/bstar/worksteal/2026-07-22_02-42-11-358110+FIG12_CHAT_B_star_worksteal_BW512_BS4_M6_Ap1_Ad1_Mp3_Md13
CHAT,B_star,elastic,TP_per_TTFT,2278.4719973810566,3.571636883094947,973.06,0.427066912,461,2273.5886026018493,3.5639818788077853,973.59,0.42821731199999996,0.2147879688356502,637.9349502647877,4,6,3,13,1,1,512,artifact/run_outputs/vi_e_scheduler_strategies/fig12/raw_simulations/chat/bstar/elastic/2026-07-22_02-42-06-636787+FIG12_CHAT_B_star_elastic_BW512_BS4_M6_Ap1_Ad1_Mp3_Md13
LW,B_star,static,TP_per_TTFT,426.10002937278654,1.0715609706792917,4704.66,11.041210222222222,4,425.4294505698691,1.0698745918399641,4697.23,11.041149111111112,0.15762397314504906,397.6442228039251,16,6,7,9,1,1,384,artifact/run_outputs/vi_e_scheduler_strategies/fig12/raw_simulations/lw/bstar/static/2026-07-22_02-42-11-355198+FIG12_LW_B_star_static_BW384_BS16_M6_Ap1_Ad1_Mp7_Md9
LW,B_star,fcfs,TP_per_TTFT,785.0739951745021,1.9743125893761952,5336.47,6.797410222222222,5,778.5254061471297,1.9578441267359084,5331.67,6.848421333333333,0.8411528995284634,397.6442228039251,16,6,7,9,1,1,384,artifact/run_outputs/vi_e_scheduler_strategies/fig12/raw_simulations/lw/bstar/fcfs/2026-07-22_02-42-06-638374+FIG12_LW_B_star_fcfs_BW384_BS16_M6_Ap1_Ad1_Mp7_Md9
LW,B_star,worksteal,TP_per_TTFT,818.5666371317196,2.0585402482644586,5265.27,6.432304666666667,4,841.1979672902506,2.1154537625585923,5280.04,6.276810222222222,-2.690369097233225,397.6442228039251,16,6,7,9,1,1,384,artifact/run_outputs/vi_e_scheduler_strategies/fig12/raw_simulations/lw/bstar/worksteal/2026-07-22_02-42-06-652025+FIG12_LW_B_star_worksteal_BW384_BS16_M6_Ap1_Ad1_Mp7_Md9
LW,B_star,elastic,TP_per_TTFT,857.407710506449,2.1562182004319705,5502.78,6.417926888888889,5,867.8828632969282,2.1825612281682103,5503.23,6.340982444444444,-1.2069777193993714,397.6442228039251,16,6,7,9,1,1,384,artifact/run_outputs/vi_e_scheduler_strategies/fig12/raw_simulations/lw/bstar/elastic/2026-07-22_02-42-11-310064+FIG12_LW_B_star_elastic_BW384_BS16_M6_Ap1_Ad1_Mp7_Md9
ARXIV,M_T,static,tokens_per_sec,440.23,1.2194061270843721,440.23,16.198693725490195,183,440.23,1.2194061270843721,440.23,16.198693725490195,0.0,361.02,4,6,7,7,3,1,384,artifact/run_outputs/vi_e_scheduler_strategies/fig12/raw_simulations/arxiv/mt/static/2026-07-22_02-45-34-548054+FIG12_ARXIV_M_T_static_BW384_BS4_M6_Ap3_Ad1_Mp7_Md7
ARXIV,M_T,fcfs,tokens_per_sec,501.14,1.3881225416874412,501.14,10.175826344827588,211,501.25,1.3884272339482577,501.25,10.16281772413793,-0.021945137157108885,361.02,4,6,7,7,3,1,384,artifact/run_outputs/vi_e_scheduler_strategies/fig12/raw_simulations/arxiv/mt/fcfs/2026-07-22_02-45-38-307720+FIG12_ARXIV_M_T_fcfs_BW384_BS4_M6_Ap3_Ad1_Mp7_Md7
ARXIV,M_T,worksteal,tokens_per_sec,494.07,1.3685391391058668,494.07,10.14789361403509,205,497.0,1.3766550329621627,497.0,10.054372896551724,-0.589537223340042,361.02,4,6,7,7,3,1,384,artifact/run_outputs/vi_e_scheduler_strategies/fig12/raw_simulations/arxiv/mt/worksteal/2026-07-22_02-45-49-451703+FIG12_ARXIV_M_T_worksteal_BW384_BS4_M6_Ap3_Ad1_Mp7_Md7
ARXIV,M_T,elastic,tokens_per_sec,522.04,1.4460140712425904,522.04,9.910705655172412,219,523.07,1.4488670987756913,523.07,10.010304813559321,-0.1969143709255161,361.02,4,6,7,7,3,1,384,artifact/run_outputs/vi_e_scheduler_strategies/fig12/raw_simulations/arxiv/mt/elastic/2026-07-22_02-45-57-412840+FIG12_ARXIV_M_T_elastic_BW384_BS4_M6_Ap3_Ad1_Mp7_Md7
BWB,M_T,static,tokens_per_sec,1146.0,1.5385648117070552,1146.0,61.812334,0,1152.0,1.5466201248573537,1152.0,61.812514,-0.520833333333337,744.85,8,4,9,7,3,1,512,artifact/run_outputs/vi_e_scheduler_strategies/fig12/raw_simulations/bwb/mt/static/2026-07-22_02-46-17-141746+FIG12_BWB_M_T_static_BW512_BS8_M4_Ap3_Ad1_Mp9_Md7
BWB,M_T,fcfs,tokens_per_sec,1329.36,1.7847351815801837,1329.36,48.995489,0,1318.4,1.7700208095589716,1318.4,48.995004,0.831310679611641,744.85,8,4,9,7,3,1,512,artifact/run_outputs/vi_e_scheduler_strategies/fig12/raw_simulations/bwb/mt/fcfs/2026-07-22_02-46-28-595249+FIG12_BWB_M_T_fcfs_BW512_BS8_M4_Ap3_Ad1_Mp9_Md7
BWB,M_T,worksteal,tokens_per_sec,1421.6,1.9085721957441093,1421.6,48.234714,0,1441.2,1.934886218701752,1441.2,48.234819,-1.3599777962808868,744.85,8,4,9,7,3,1,512,artifact/run_outputs/vi_e_scheduler_strategies/fig12/raw_simulations/bwb/mt/worksteal/2026-07-22_02-46-44-133607+FIG12_BWB_M_T_worksteal_BW512_BS8_M4_Ap3_Ad1_Mp9_Md7
BWB,M_T,elastic,tokens_per_sec,1391.52,1.8681882258172786,1391.52,48.251699,0,1384.72,1.8590588709136067,1384.72,48.927319,0.4910740077416431,744.85,8,4,9,7,3,1,512,artifact/run_outputs/vi_e_scheduler_strategies/fig12/raw_simulations/bwb/mt/elastic/2026-07-22_02-46-51-721839+FIG12_BWB_M_T_elastic_BW512_BS8_M4_Ap3_Ad1_Mp9_Md7
CHAT,M_T,static,tokens_per_sec,2989.13,1.0594341896336623,2989.13,19.329255310344827,1474,2979.47,1.0560104060337983,2979.47,19.233093241379308,0.3242187368894589,2821.44,64,6,5,11,1,1,384,artifact/run_outputs/vi_e_scheduler_strategies/fig12/raw_simulations/chat/mt/static/2026-07-22_02-47-38-673446+FIG12_CHAT_M_T_static_BW384_BS64_M6_Ap1_Ad1_Mp5_Md11
CHAT,M_T,fcfs,tokens_per_sec,4778.55,1.6936564307587616,4778.55,5.813469714285715,2340,4775.34,1.6925187138482478,4775.34,5.769155428571429,0.06722034451998038,2821.44,64,6,5,11,1,1,384,artifact/run_outputs/vi_e_scheduler_strategies/fig12/raw_simulations/chat/mt/fcfs/2026-07-22_02-48-14-685104+FIG12_CHAT_M_T_fcfs_BW384_BS64_M6_Ap1_Ad1_Mp5_Md11
CHAT,M_T,worksteal,tokens_per_sec,4579.41,1.6230754508336167,4579.41,5.568299609756097,2241,4591.17,1.62724353521606,4591.17,5.54862887804878,-0.2561438587549647,2821.44,64,6,5,11,1,1,384,artifact/run_outputs/vi_e_scheduler_strategies/fig12/raw_simulations/chat/mt/worksteal/2026-07-22_02-48-20-234900+FIG12_CHAT_M_T_worksteal_BW384_BS64_M6_Ap1_Ad1_Mp5_Md11
CHAT,M_T,elastic,tokens_per_sec,5146.05,1.8239090677101055,5146.05,5.507011454545454,2494,5150.48,1.825479187932403,5150.48,5.514050090909091,-0.08601140087912684,2821.44,64,6,5,11,1,1,384,artifact/run_outputs/vi_e_scheduler_strategies/fig12/raw_simulations/chat/mt/elastic/2026-07-22_02-48-27-228906+FIG12_CHAT_M_T_elastic_BW384_BS64_M6_Ap1_Ad1_Mp5_Md11
LW,M_T,static,tokens_per_sec,5660.69,1.063182133204615,5660.69,19.3271344,7,5647.96,1.0607912040854273,5647.96,19.311194399999998,0.22539111466794992,5324.29,32,4,5,11,1,3,384,artifact/run_outputs/vi_e_scheduler_strategies/fig12/raw_simulations/lw/mt/static/2026-07-22_02-48-51-586284+FIG12_LW_M_T_static_BW384_BS32_M4_Ap1_Ad3_Mp5_Md11
LW,M_T,fcfs,tokens_per_sec,5774.84,1.0846216115200338,5774.84,9.6812444,5,5774.84,1.0846216115200338,5774.84,9.6812444,0.0,5324.29,32,4,5,11,1,3,384,artifact/run_outputs/vi_e_scheduler_strategies/fig12/raw_simulations/lw/mt/fcfs/2026-07-22_02-49-04-664529+FIG12_LW_M_T_fcfs_BW384_BS32_M4_Ap1_Ad3_Mp5_Md11
LW,M_T,worksteal,tokens_per_sec,5045.91,0.9477150944069538,5045.91,9.139194400000001,4,5046.91,0.9479029128766464,5046.91,9.1395844,-0.019814104075566163,5324.29,32,4,5,11,1,3,384,artifact/run_outputs/vi_e_scheduler_strategies/fig12/raw_simulations/lw/mt/worksteal/2026-07-22_02-49-07-955063+FIG12_LW_M_T_worksteal_BW384_BS32_M4_Ap1_Ad3_Mp5_Md11
LW,M_T,elastic,tokens_per_sec,6549.14,1.23004945260307,6549.14,9.161804400000001,8,6608.47,1.2411927224099364,6608.47,9.1627644,-0.8977872336561998,5324.29,32,4,5,11,1,3,384,artifact/run_outputs/vi_e_scheduler_strategies/fig12/raw_simulations/lw/mt/elastic/2026-07-22_02-49-14-087497+FIG12_LW_M_T_elastic_BW384_BS32_M4_Ap1_Ad3_Mp5_Md11
