model,dataset,objective,batchsize,Num M,Num Mp,Num Md,Num Ap,Num Ad,NoI_bw(GBps)
LLAMA3,ARXIV,Bstar,2,7,0,0,9,8,384
LLAMA3,ARXIV,MT,4,5,0,0,11,8,384
LLAMA3,LW,Bstar,8,4,0,0,8,12,512
LLAMA3,LW,MT,16,8,0,0,8,8,384
LLAMA3,CHAT,Bstar,2,6,0,0,7,11,512
LLAMA3,CHAT,MT,16,8,0,0,5,11,512
LLAMA3,BWB,Bstar,2,8,0,0,8,8,512
LLAMA3,BWB,MT,4,5,0,0,11,8,640
MAMBA2,ARXIV,Bstar,2,5,8,11,0,0,384
MAMBA2,ARXIV,MT,8,6,10,8,0,0,384
MAMBA2,LW,Bstar,4,6,8,10,0,0,512
MAMBA2,LW,MT,16,5,8,11,0,0,512
MAMBA2,CHAT,Bstar,4,6,2,16,0,0,512
MAMBA2,CHAT,MT,64,4,3,17,0,0,256
MAMBA2,BWB,Bstar,2,5,8,11,0,0,512
MAMBA2,BWB,MT,8,5,8,11,0,0,512
NEMO,ARXIV,Bstar,2,6,7,7,3,1,384
NEMO,ARXIV,MT,16,4,9,7,3,1,256
NEMO,LW,Bstar,4,10,5,7,1,1,512
NEMO,LW,MT,16,4,7,11,1,1,512
NEMO,CHAT,Bstar,4,8,3,11,1,1,512
NEMO,CHAT,MT,64,6,5,11,1,1,384
NEMO,BWB,Bstar,2,4,9,7,3,1,512
NEMO,BWB,MT,8,4,9,7,3,1,512
