model,dataset,candidate_rank,selection_sources,batchsize,Num M,Num Mp,Num Md,Num Ap,Num Ad,NoI_bw(GBps),static_mapper_throughput,static_mapper_ttft_s,estimated_throughput,estimated_prefill_service_s,throughput_per_prefill_s,stage_balance,prefill_pressure,bandwidth_pressure,tokens_per_sec,TTFT(s),measurement_source,measurement_path,objective,bstar_throughput_floor,selection_rule,selection_metric,selection_value,selection_ttft_min_s,selection_ttft_max_s
LLAMA3,ARXIV,238,bstar_fill,2,7,0,0,9,8,384,239.959314147,1.290787624,250.710765019,1.84398232,135.961588297,0.778293296512,0.778293296512,1.1748701212,249.98,13.8445020667,vi_b_detailed_simulation,artifact/run_outputs/vi_b_dse_on_macro_architectures/raw_data/Summary_Reports/results_summary_LLAMA3-ARXIV_bw_static_static.csv,Bstar,146.855989848,best_measured_objective_in_fig8_window,tokens_per_sec/TTFT(s),18.0562651366,10.1299064348,31.8259887273
LLAMA3,ARXIV,10,bstar+mt,4,5,0,0,11,8,384,378.563413468,1.936181445,398.022053258,2.76597349286,143.899445995,0.926699031048,0.926699031048,2.32068123907,282.66,29.6727676571,vi_b_detailed_simulation,artifact/run_outputs/vi_b_dse_on_macro_architectures/raw_data/Summary_Reports/results_summary_LLAMA3-ARXIV_bw_static_static.csv,MT,146.855989848,best_measured_objective_in_fig8_window,tokens_per_sec,282.66,10.1299064348,31.8259887273
LLAMA3,LW,244,bstar,8,4,0,0,8,12,512,2299.97736603,0.213019296,1174.88587452,0.30431328,3860.77753335,0.0154642462847,0.0154642462847,28.6645544318,1741.16,4.30458685714,vi_b_detailed_simulation,artifact/run_outputs/vi_b_dse_on_macro_architectures/raw_data/Summary_Reports/results_summary_LLAMA3-LW_bw_static_static.csv,Bstar,810.749278859,best_measured_objective_in_fig8_window,tokens_per_sec/TTFT(s),404.489456894,1.118688,18.544499
LLAMA3,LW,238,bstar,16,8,0,0,8,8,384,4466.95907744,0.3822865,2319.12559688,0.546123571429,4246.52169988,0.027390336366,0.027390336366,15.5386283368,2596.75,12.574652,vi_b_detailed_simulation,artifact/run_outputs/vi_b_dse_on_macro_architectures/raw_data/Summary_Reports/results_summary_LLAMA3-LW_bw_static_static.csv,MT,810.749278859,best_measured_objective_in_fig8_window,tokens_per_sec,2596.75,1.118688,18.544499
LLAMA3,CHAT,201,bstar,2,6,0,0,7,11,512,792.68580624,0.025709215,474.292628117,0.03672745,12913.8458596,0.140480312779,0.140480312779,0.521821619487,563.75,0.515316418301,vi_b_detailed_simulation,artifact/run_outputs/vi_b_dse_on_macro_architectures/raw_data/Summary_Reports/results_summary_LLAMA3-CHAT_bw_static_static.csv,Bstar,552.12522509,best_measured_objective_in_fig8_window,tokens_per_sec/TTFT(s),1093.98804303,0.321903090909,5.79434658824
LLAMA3,CHAT,72,mt,16,8,0,0,5,11,512,2238.02983202,0.28794332,2411.58572458,0.4113476,5862.64688205,0.755097032291,1.32433310851,0.445098092547,1719.33,5.37211894737,vi_b_detailed_simulation,artifact/run_outputs/vi_b_dse_on_macro_architectures/raw_data/Summary_Reports/results_summary_LLAMA3-CHAT_bw_static_static.csv,MT,552.12522509,best_measured_objective_in_fig8_window,tokens_per_sec,1719.33,0.321903090909,5.79434658824
LLAMA3,BWB,200,bstar,2,8,0,0,8,8,512,510.044367706,1.087550888,310.662045672,1.55364412571,199.957017525,0.113888216692,0.113888216692,5.95721204167,395.92,27.851094,vi_b_detailed_simulation,artifact/run_outputs/vi_b_dse_on_macro_architectures/raw_data/Summary_Reports/results_summary_LLAMA3-BWB_bw_static_static.csv,Bstar,226.343940075,best_measured_objective_in_fig8_window,tokens_per_sec/TTFT(s),14.2155995739,15.2094795556,75.4
LLAMA3,BWB,231,bstar,4,5,0,0,11,8,640,364.317405504,1.7842632,364.317405504,2.54894742857,142.928567855,0.109559451858,0.109559451858,10.5278771022,523.88,55.5674635,vi_b_detailed_simulation,artifact/run_outputs/vi_b_dse_on_macro_architectures/raw_data/Summary_Reports/results_summary_LLAMA3-BWB_bw_static_static.csv,MT,226.343940075,best_measured_objective_in_fig8_window,tokens_per_sec,523.88,15.2094795556,75.4
MAMBA2,ARXIV,193,bstar,2,5,8,11,0,0,384,725.623231747,0.367716096,329.348219873,0.735432192,447.829485105,0.407766470156,0.407766470156,0.686221034205,584.23,4.39555787692,vi_b_detailed_simulation,artifact/run_outputs/vi_b_dse_on_macro_architectures/raw_data/Summary_Reports/results_summary_MAMBA2-ARXIV_bw_static_static.csv,Bstar,429.287605427,best_measured_objective_in_fig8_window,tokens_per_sec/TTFT(s),132.913731626,3.14216016,45
MAMBA2,ARXIV,60,mt,8,6,10,8,0,0,384,1260.82150869,1.28681945,923.206437391,2.5736389,358.716383014,0.928904467523,1.07653696905,0.654248017419,812.43,18.6406798182,vi_b_detailed_simulation,artifact/run_outputs/vi_b_dse_on_macro_architectures/raw_data/Summary_Reports/results_summary_MAMBA2-ARXIV_bw_static_static.csv,MT,429.287605427,best_measured_objective_in_fig8_window,tokens_per_sec,812.43,3.14216016,45
MAMBA2,LW,198,bstar,4,6,8,10,0,0,512,2560.72573339,0.07875684,684.365264904,0.15751368,4344.79890829,0.00932499060028,0.00932499060028,28.9272744874,2023.91,1.69947244444,vi_b_detailed_simulation,artifact/run_outputs/vi_b_dse_on_macro_architectures/raw_data/Summary_Reports/results_summary_MAMBA2-LW_bw_static_static.csv,Bstar,1834.7213742,best_measured_objective_in_fig8_window,tokens_per_sec/TTFT(s),1190.90486381,0.673137,14.199873
MAMBA2,LW,204,bstar,16,5,8,11,0,0,512,2682.66505403,0.31557832,2587.89125681,0.63115664,4100.2361265,0.0353236321439,0.0353236321439,28.2742012727,8333.76,8.01054273684,vi_b_detailed_simulation,artifact/run_outputs/vi_b_dse_on_macro_architectures/raw_data/Summary_Reports/results_summary_MAMBA2-LW_bw_static_static.csv,MT,1834.7213742,best_measured_objective_in_fig8_window,tokens_per_sec,8333.76,0.673137,14.199873
MAMBA2,CHAT,191,mt,4,6,2,16,0,0,512,2003.63964373,0.07200624,1197.63921358,0.14401248,8316.2182443,0.695463682634,0.695463682634,1.15912711825,1448.16,0.557211391304,vi_b_detailed_simulation,artifact/run_outputs/vi_b_dse_on_macro_architectures/raw_data/Summary_Reports/results_summary_MAMBA2-CHAT_bw_static_static.csv,Bstar,1421.52631361,best_measured_objective_in_fig8_window,tokens_per_sec/TTFT(s),2598.94184254,0.128551,13.0265915
MAMBA2,CHAT,92,mt,64,4,3,17,0,0,256,2256.10386565,0.643937932,2256.10386565,1.287875864,1751.80227281,0.732253456463,0.732253456463,4.04283980379,5492.35,11.7101772444,vi_b_detailed_simulation,artifact/run_outputs/vi_b_dse_on_macro_architectures/raw_data/Summary_Reports/results_summary_MAMBA2-CHAT_bw_static_static.csv,MT,1421.52631361,best_measured_objective_in_fig8_window,tokens_per_sec,5492.35,0.128551,13.0265915
MAMBA2,BWB,201,bstar,2,5,8,11,0,0,512,1173.62901355,0.393667856,329.307873883,0.787335712,418.255985171,0.0611788224046,0.0611788224046,3.41098099886,975.48,7.74446294737,vi_b_detailed_simulation,artifact/run_outputs/vi_b_dse_on_macro_architectures/raw_data/Summary_Reports/results_summary_MAMBA2-BWB_bw_static_static.csv,Bstar,869.863783195,best_measured_objective_in_fig8_window,tokens_per_sec/TTFT(s),125.958379119,4.62096311111,54.1578142222
MAMBA2,BWB,203,bstar,8,5,8,11,0,0,512,2467.82697083,1.574671448,1307.15365983,3.149342896,415.055998346,0.242843032833,0.242843032833,2.71083179565,2617.94,42.5675035789,vi_b_detailed_simulation,artifact/run_outputs/vi_b_dse_on_macro_architectures/raw_data/Summary_Reports/results_summary_MAMBA2-BWB_bw_static_static.csv,MT,869.863783195,best_measured_objective_in_fig8_window,tokens_per_sec,2617.94,4.62096311111,54.1578142222
NEMO,ARXIV,219,bstar_fill,2,6,7,7,3,1,384,386.918787013,0.596112084,316.262335812,0.851588691429,371.379210405,0.453409812631,0.453409812631,0.0359306223842,353.27,7.05061101124,vi_b_detailed_simulation,artifact/run_outputs/vi_b_dse_on_macro_architectures/raw_data/Summary_Reports/results_summary_NEMO-ARXIV_bw_static_static.csv,Bstar,199.662964212,best_measured_objective_in_fig8_window,tokens_per_sec/TTFT(s),50.1048773556,5.60347562264,73.8
NEMO,ARXIV,129,mt,16,4,9,7,3,1,256,901.84094483,3.687065415,902.180901502,5.26723630714,171.28164542,0.600753917137,1.66457508054,0.0853840314175,569.14,66.5066976,vi_b_detailed_simulation,artifact/run_outputs/vi_b_dse_on_macro_architectures/raw_data/Summary_Reports/results_summary_NEMO-ARXIV_bw_static_static.csv,MT,199.662964212,best_measured_objective_in_fig8_window,tokens_per_sec,569.14,5.60347562264,73.8
NEMO,LW,236,bstar,4,10,5,7,1,1,512,1480.80361483,0.164461165,756.335539186,0.234944521429,3219.20909067,0.0153717033991,0.0153717033991,0.717159291264,1329.96,2.234884,vi_b_detailed_simulation,artifact/run_outputs/vi_b_dse_on_macro_architectures/raw_data/Summary_Reports/results_summary_NEMO-LW_bw_static_static.csv,Bstar,926.900093435,best_measured_objective_in_fig8_window,tokens_per_sec/TTFT(s),595.091288854,1.015516,20.9607016
NEMO,LW,227,bstar,16,4,7,11,1,1,512,4957.59478735,0.512502412,2622.92072058,0.732146302857,3582.50900175,0.04153031376,0.04153031376,1.94627312321,5222.95,13.1436796,vi_b_detailed_simulation,artifact/run_outputs/vi_b_dse_on_macro_architectures/raw_data/Summary_Reports/results_summary_NEMO-LW_bw_static_static.csv,MT,926.900093435,best_measured_objective_in_fig8_window,tokens_per_sec,5222.95,1.015516,20.9607016
NEMO,CHAT,121,mt,4,8,3,11,1,1,512,1381.49795221,0.06266649,1061.20049367,0.0895235571429,11853.8687195,0.383074367077,0.383074367077,0.0961909125405,936.38,0.778918677686,vi_b_detailed_simulation,artifact/run_outputs/vi_b_dse_on_macro_architectures/raw_data/Summary_Reports/results_summary_NEMO-CHAT_bw_static_static.csv,Bstar,857.760048254,best_measured_objective_in_fig8_window,tokens_per_sec/TTFT(s),1202.15373803,0.183373142857,21.2831803478
NEMO,CHAT,8,mt,64,6,5,11,1,1,384,4054.24627701,0.536954855,4491.00367757,0.767078364286,5854.68693509,0.868183405996,0.868183405996,0.252513498583,3054.79,19.123438069,vi_b_detailed_simulation,artifact/run_outputs/vi_b_dse_on_macro_architectures/raw_data/Summary_Reports/results_summary_NEMO-CHAT_bw_static_static.csv,MT,857.760048254,best_measured_objective_in_fig8_window,tokens_per_sec,3054.79,0.183373142857,21.2831803478
NEMO,BWB,210,bstar,2,4,9,7,3,1,512,447.100625113,0.547676622,237.258844179,0.782395174286,303.246814368,0.0438013626103,0.0438013626103,0.255119188191,572.9,14.6047438,vi_b_detailed_simulation,artifact/run_outputs/vi_b_dse_on_macro_architectures/raw_data/Summary_Reports/results_summary_NEMO-BWB_bw_static_static.csv,Bstar,309.427084704,best_measured_objective_in_fig8_window,tokens_per_sec/TTFT(s),39.2269804829,8.7601205,67.2000468889
NEMO,BWB,216,bstar,8,4,9,7,3,1,512,1516.35173869,2.190706476,942.955661518,3.12958068,301.304154753,0.174083047451,0.174083047451,0.205326113953,1165.12,60.970184,vi_b_detailed_simulation,artifact/run_outputs/vi_b_dse_on_macro_architectures/raw_data/Summary_Reports/results_summary_NEMO-BWB_bw_static_static.csv,MT,309.427084704,best_measured_objective_in_fig8_window,tokens_per_sec,1165.12,8.7601205,67.2000468889
