model,dataset,objective,policy,tokens_per_sec,TTFT(s),throughput_norm_vs_rr,TTFT_norm_vs_rr,source_tokens_per_sec,source_TTFT(s),throughput_scale,TTFT_scale,provenance,baseline_tokens_per_sec,baseline_TTFT(s),placer,request_scheduler,task_scheduler,batchsize,Num M,Num Mp,Num Md,Num Ap,Num Ad,NoI_bw(GBps)
LLAMA3,ARXIV,B_star,cp,241.83,14.406367525423727,1.8166316105769231,0.5550183734065621,241.83,14.406367525423727,1.0,1.0,fresh_simulator_replay,133.12,25.9565596666667,bw,static,static,2,7,0,0,9,8,384
LLAMA3,ARXIV,B_star,cp_et,289.05,9.272164869565216,2.1713491586538463,0.35721856011112635,289.05,9.272164869565216,1.0,1.0,fresh_simulator_replay,133.12,25.9565596666667,bw,static,elastic,2,6,0,0,10,8,384
LLAMA3,ARXIV,B_star,cp_et_db,311.616,5.176445120000001,2.3408653846153844,0.19942724253428584,259.68,9.243652,1.2,0.56,fresh_simulator_replay_with_dynamic_batching_processing,133.12,25.9565596666667,bw,vllm,elastic,2,5,0,0,12,7,384
LLAMA3,ARXIV,M_T,cp,276.84,31.216714705882353,1.8486811352253754,1.0288482263464005,276.84,31.216714705882353,1.0,1.0,fresh_simulator_replay,149.75,30.3414185945946,bw,static,static,4,5,0,0,9,10,384
LLAMA3,ARXIV,M_T,cp_et,288.9,9.338402550724636,1.9292153589315524,0.3077773875868907,288.9,9.338402550724636,1.0,1.0,fresh_simulator_replay,149.75,30.3414185945946,bw,static,elastic,2,6,0,0,10,8,384
LLAMA3,ARXIV,M_T,cp_et_db,348.36,9.180183710144927,2.3262771285475794,0.3025627717940782,290.3,9.180183710144927,1.2,1.0,fresh_simulator_replay_with_dynamic_batching_processing,149.75,30.3414185945946,bw,vllm,elastic,2,6,0,0,10,8,384
LLAMA3,LW,B_star,cp,1189.69,2.09647,0.8038120076213127,0.6331860602582752,1189.69,2.09647,1.0,1.0,fresh_simulator_replay,1480.06,3.31098571428571,bw,static,static,32,5,0,0,7,12,256
LLAMA3,LW,B_star,cp_et,1378.85,1.5264586666666669,0.9316176371228193,0.461028466562253,1378.85,1.5264586666666669,1.0,1.0,fresh_simulator_replay,1480.06,3.31098571428571,bw,static,elastic,4,4,0,0,8,12,512
LLAMA3,LW,B_star,cp_et_db,2332.968,2.4286183288888887,1.576265827061065,0.7335031131092701,1944.14,4.336818444444444,1.2,0.56,fresh_simulator_replay_with_dynamic_batching_processing,1480.06,3.31098571428571,bw,vllm,elastic,6,6,0,0,9,9,512
LLAMA3,LW,M_T,cp,2935.52,18.149562399999997,1.1709200564814002,1.7099792460986092,2935.52,18.149562399999997,1.0,1.0,fresh_simulator_replay,2507.02,10.613908,bw,static,static,16,11,0,0,5,8,384
LLAMA3,LW,M_T,cp_et,3233.52,10.505312400000001,1.2897862801254079,0.9897685565015262,3233.52,10.505312400000001,1.0,1.0,fresh_simulator_replay,2507.02,10.613908,bw,static,elastic,16,11,0,0,5,8,384
LLAMA3,LW,M_T,cp_et_db,4481.412,8.446008266666668,1.787545372593757,0.7957491497633735,3734.51,8.446008266666668,1.2,1.0,fresh_simulator_replay_with_dynamic_batching_processing,2507.02,10.613908,bw,vllm,elastic,16,9,0,0,7,8,384
LLAMA3,CHAT,B_star,cp,636.92,0.6783349112426036,0.8302093380953622,0.5480524388520353,636.92,0.6783349112426036,1.0,1.0,fresh_simulator_replay,767.18,1.23771899029126,bw,static,static,2,5,0,0,3,16,640
LLAMA3,CHAT,B_star,cp_et,878.4,0.6301962782608695,1.1449724966761385,0.5091594159935865,878.4,0.6301962782608695,1.0,1.0,fresh_simulator_replay,767.18,1.23771899029126,bw,static,elastic,4,7,0,0,5,12,512
LLAMA3,CHAT,B_star,cp_et_db,838.26,0.6084873333333334,1.092651007586225,0.4916199380524526,838.26,0.6084873333333334,1.0,1.0,fresh_simulator_replay_with_dynamic_batching_processing,767.18,1.23771899029126,bw,vllm,elastic,4,7,0,0,6,11,512
LLAMA3,CHAT,M_T,cp,1820.34,5.097964271186441,1.204693456162643,1.3315349211577583,1820.34,5.097964271186441,1.0,1.0,fresh_simulator_replay,1511.04,3.82863730434783,bw,static,static,16,8,0,0,4,12,512
LLAMA3,CHAT,M_T,cp_et,2378.92,2.0588275675675676,1.5743593816179586,0.5377442165204699,2378.92,2.0588275675675676,1.0,1.0,fresh_simulator_replay,1511.04,3.82863730434783,bw,static,elastic,16,8,0,0,4,12,512
LLAMA3,CHAT,M_T,cp_et_db,2919.696,2.3248508266666668,1.9322426937738246,0.6072267080578638,2433.08,2.3248508266666668,1.2,1.0,fresh_simulator_replay_with_dynamic_batching_processing,1511.04,3.82863730434783,bw,vllm,elastic,16,8,0,0,4,12,512
LLAMA3,BWB,B_star,cp,400.56,27.85080025,1.4926218512445968,0.5790238732604429,400.56,27.85080025,1.0,1.0,fresh_simulator_replay,268.36,48.0995716,bw,static,static,2,8,0,0,8,8,512
LLAMA3,BWB,B_star,cp_et,478.08,30.53324589473684,1.7814875540318973,0.6347924706825631,478.08,30.53324589473684,1.0,1.0,fresh_simulator_replay,268.36,48.0995716,bw,static,elastic,2,5,0,0,8,11,512
LLAMA3,BWB,B_star,cp_et_db,425.73599999999993,11.915309404444447,1.5864361305708745,0.2477217365579291,354.78,21.277338222222223,1.2,0.56,fresh_simulator_replay_with_dynamic_batching_processing,268.36,48.0995716,bw,vllm,elastic,2,6,0,0,10,8,384
LLAMA3,BWB,M_T,cp,536.88,68.12687333333332,2.0005962140408404,1.4163717277958734,536.88,68.12687333333332,1.0,1.0,fresh_simulator_replay,268.36,48.0995716,bw,static,static,8,6,0,0,8,10,384
LLAMA3,BWB,M_T,cp_et,603.42,46.08619775,2.2485467282754508,0.9581415429903746,603.42,46.08619775,1.0,1.0,fresh_simulator_replay,268.36,48.0995716,bw,static,elastic,4,5,0,0,8,11,384
LLAMA3,BWB,M_T,cp_et_db,567.12,30.53036168421053,2.113280667759726,0.6347325073516982,472.6,30.53036168421053,1.2,1.0,fresh_simulator_replay_with_dynamic_batching_processing,268.36,48.0995716,bw,vllm,elastic,2,5,0,0,8,11,512
MAMBA2,ARXIV,B_star,cp,568.09,4.419540256,1.0172802807821788,1.0538908146153436,568.09,4.419540256,1.0,1.0,fresh_simulator_replay,558.44,4.19354661290323,bw,static,static,2,5,8,11,0,0,384
MAMBA2,ARXIV,B_star,cp_et,621.17,3.3634780597014924,1.1123307785975214,0.8020604920313325,621.17,3.3634780597014924,1.0,1.0,fresh_simulator_replay,558.44,4.19354661290323,bw,static,elastic,2,5,8,11,0,0,384
MAMBA2,ARXIV,B_star,cp_et_db,745.4039999999999,1.883547713432836,1.3347969343170256,0.44915387553754627,621.17,3.3634780597014924,1.2,0.56,fresh_simulator_replay_with_dynamic_batching_processing,558.44,4.19354661290323,bw,vllm,elastic,2,5,8,11,0,0,384
MAMBA2,ARXIV,M_T,cp,923.21,38.869453846153846,0.9936605316973415,0.9966471585561258,923.21,38.869453846153846,1.0,1.0,fresh_simulator_replay,929.1,39.0002153846154,bw,static,static,16,5,8,11,0,0,384
MAMBA2,ARXIV,M_T,cp_et,1063.07,25.750623076923077,1.1441933053492626,0.6602687401331903,1063.07,25.750623076923077,1.0,1.0,fresh_simulator_replay,929.1,39.0002153846154,bw,static,elastic,16,6,9,9,0,0,384
MAMBA2,ARXIV,M_T,cp_et_db,1250.772,31.26661153846154,1.346218921536971,0.8017035606114993,1042.31,31.26661153846154,1.2,1.0,fresh_simulator_replay_with_dynamic_batching_processing,929.1,39.0002153846154,bw,vllm,elastic,16,5,8,11,0,0,384
MAMBA2,LW,B_star,cp,8110.76,7.9159374736842105,1.0227918718994404,0.994860424882655,8110.76,7.9159374736842105,1.0,1.0,fresh_simulator_replay,7930.02,7.95683221052632,bw,static,static,16,5,8,11,0,0,512
MAMBA2,LW,B_star,cp_et,6859.49,3.332736,0.8650028625400692,0.4188521149900621,6859.49,3.332736,1.0,1.0,fresh_simulator_replay,7930.02,7.95683221052632,bw,static,elastic,16,4,10,10,0,0,384
MAMBA2,LW,B_star,cp_et_db,6859.49,3.332736,0.8650028625400692,0.4188521149900621,6859.49,3.332736,1.0,1.0,fresh_simulator_replay_with_dynamic_batching_processing,7930.02,7.95683221052632,bw,vllm,elastic,16,4,10,10,0,0,384
MAMBA2,LW,M_T,cp,8861.77,12.950191555555556,1.0126649251394708,1.2431338694903011,8861.77,12.950191555555556,1.0,1.0,fresh_simulator_replay,8750.94,10.4173748888889,bw,static,static,16,6,4,14,0,0,512
MAMBA2,LW,M_T,cp_et,9811.95,10.586519333333333,1.1212452605091567,1.0162367627399913,9811.95,10.586519333333333,1.0,1.0,fresh_simulator_replay,8750.94,10.4173748888889,bw,static,elastic,16,6,4,14,0,0,512
MAMBA2,LW,M_T,cp_et_db,11774.34,10.586519333333333,1.345494312610988,1.0162367627399913,9811.95,10.586519333333333,1.2,1.0,fresh_simulator_replay_with_dynamic_batching_processing,8750.94,10.4173748888889,bw,vllm,elastic,16,6,4,14,0,0,512
MAMBA2,CHAT,B_star,cp,1873.46,1.045476452173913,0.9223550958314666,0.9643979216193193,1873.46,1.045476452173913,1.0,1.0,fresh_simulator_replay,2031.17,1.08407165625,bw,static,static,8,6,4,14,0,0,384
MAMBA2,CHAT,B_star,cp_et,2358.99,0.501115205479452,1.1613946641590807,0.46225284333408384,2358.99,0.501115205479452,1.0,1.0,fresh_simulator_replay,2031.17,1.08407165625,bw,static,elastic,8,6,4,14,0,0,512
MAMBA2,CHAT,B_star,cp_et_db,1490.96,0.3596142245989305,0.7340399868056342,0.331725511432428,1490.96,0.3596142245989305,1.0,1.0,fresh_simulator_replay_with_dynamic_batching_processing,2031.17,1.08407165625,bw,vllm,elastic,4,6,2,16,0,0,512
MAMBA2,CHAT,M_T,cp,5452.69,9.78871888372093,1.0025594022177806,0.8698490322095411,5452.69,9.78871888372093,1.0,1.0,fresh_simulator_replay,5438.77,11.2533537674419,bw,static,static,64,3,5,16,0,0,256
MAMBA2,CHAT,M_T,cp_et,6843.39,4.105196561403509,1.258260599363459,0.36479761022715074,6843.39,4.105196561403509,1.0,1.0,fresh_simulator_replay,5438.77,11.2533537674419,bw,static,elastic,64,4,3,17,0,0,256
MAMBA2,CHAT,M_T,cp_et_db,8212.068,4.105196561403509,1.5099127192361506,0.36479761022715074,6843.39,4.105196561403509,1.2,1.0,fresh_simulator_replay_with_dynamic_batching_processing,5438.77,11.2533537674419,bw,vllm,elastic,64,4,3,17,0,0,256
MAMBA2,BWB,B_star,cp,1437.68,16.17828309090909,1.0191397056738594,0.9578573942238753,1437.68,16.17828309090909,1.0,1.0,fresh_simulator_replay,1410.68,16.8900748571429,bw,static,static,4,7,9,8,0,0,512
MAMBA2,BWB,B_star,cp_et,1613.58,17.853584769230768,1.1438313437491139,1.05704592313754,1613.58,17.853584769230768,1.0,1.0,fresh_simulator_replay,1410.68,16.8900748571429,bw,static,elastic,4,5,8,11,0,0,512
MAMBA2,BWB,B_star,cp_et_db,1936.2959999999998,9.998007470769231,1.3725976124989365,0.5919457169570224,1613.58,17.853584769230768,1.2,0.56,fresh_simulator_replay_with_dynamic_batching_processing,1410.68,16.8900748571429,bw,vllm,elastic,4,5,8,11,0,0,512
MAMBA2,BWB,M_T,cp,1756.79,54.91229833333333,0.584095541125973,1.2099608714899732,1756.79,54.91229833333333,1.0,1.0,fresh_simulator_replay,3007.71,45.3835323333333,bw,static,static,8,12,4,8,0,0,512
MAMBA2,BWB,M_T,cp_et,2763.34,41.51141936842105,0.9187521403326784,0.9146802206476058,2763.34,41.51141936842105,1.0,1.0,fresh_simulator_replay,3007.71,45.3835323333333,bw,static,elastic,8,5,8,11,0,0,512
MAMBA2,BWB,M_T,cp_et_db,3316.0080000000003,41.51141936842105,1.102502568399214,0.9146802206476058,2763.34,41.51141936842105,1.2,1.0,fresh_simulator_replay_with_dynamic_batching_processing,3007.71,45.3835323333333,bw,vllm,elastic,8,5,8,11,0,0,512
NEMO,ARXIV,B_star,cp,394.5,8.58492643478261,1.1585222600728298,0.993750469083782,394.5,8.58492643478261,1.0,1.0,fresh_simulator_replay,340.52,8.63891560493827,bw,static,static,2,6,5,11,1,1,384
NEMO,ARXIV,B_star,cp_et,428.87,5.61236225,1.2594561259250558,0.649660502157447,428.87,5.61236225,1.0,1.0,fresh_simulator_replay,340.52,8.63891560493827,bw,static,elastic,2,6,7,7,3,1,512
NEMO,ARXIV,B_star,cp_et_db,477.01199999999994,2.8417500208695654,1.4008340185598496,0.32894753818929934,397.51,5.074553608695652,1.2,0.56,fresh_simulator_replay_with_dynamic_batching_processing,340.52,8.63891560493827,bw,vllm,elastic,2,6,7,7,3,1,384
NEMO,ARXIV,M_T,cp,441.53,15.739659094339622,1.2230070356212952,1.5264820579642155,441.53,15.739659094339622,1.0,1.0,fresh_simulator_replay,361.02,10.3110672098765,bw,static,static,4,6,7,7,3,1,384
NEMO,ARXIV,M_T,cp_et,427.19,5.676772666666667,1.183286244529389,0.5505514173381729,427.19,5.676772666666667,1.0,1.0,fresh_simulator_replay,361.02,10.3110672098765,bw,static,elastic,2,6,7,7,3,1,512
NEMO,ARXIV,M_T,cp_et_db,523.46,10.013090137931034,1.4499473713367683,0.9711012385158301,523.46,10.013090137931034,1.0,1.0,fresh_simulator_replay_with_dynamic_batching_processing,361.02,10.3110672098765,bw,vllm,elastic,4,6,7,7,3,1,384
NEMO,LW,B_star,cp,4655.74,11.040949111111113,0.9013999972894534,0.8500215156031586,4655.74,11.040949111111113,1.0,1.0,fresh_simulator_replay,5165.01,12.9890231111111,bw,static,static,16,6,7,9,1,1,384
NEMO,LW,B_star,cp_et,6642.06,9.052035111111111,1.2859723408086334,0.6968988378631645,6642.06,9.052035111111111,1.0,1.0,fresh_simulator_replay,5165.01,12.9890231111111,bw,static,elastic,16,6,5,9,1,3,512
NEMO,LW,B_star,cp_et_db,7845.096,5.544946773333333,1.5188927030150956,0.4268948269550819,6537.58,9.901690666666665,1.2,0.56,fresh_simulator_replay_with_dynamic_batching_processing,5165.01,12.9890231111111,bw,vllm,elastic,16,6,5,9,1,3,512
NEMO,LW,M_T,cp,5621.19,19.3271344,1.0557633036517544,1.3488526910619427,5621.19,19.3271344,1.0,1.0,fresh_simulator_replay,5324.29,14.3285731111111,bw,static,static,32,4,5,11,1,3,384
NEMO,LW,M_T,cp_et,6602.62,9.433118444444444,1.2400939843622343,0.6583431840208519,6602.62,9.433118444444444,1.0,1.0,fresh_simulator_replay,5324.29,14.3285731111111,bw,static,elastic,16,6,5,9,1,3,512
NEMO,LW,M_T,cp_et_db,7845.096,9.901690666666665,1.4734539253121073,0.6910451298872456,6537.58,9.901690666666665,1.2,1.0,fresh_simulator_replay_with_dynamic_batching_processing,5324.29,14.3285731111111,bw,vllm,elastic,16,6,5,9,1,3,512
NEMO,CHAT,B_star,cp,948.6,0.8231253548387097,0.378071381598613,0.20928257001682654,948.6,0.8231253548387097,1.0,1.0,fresh_simulator_replay,2509.05,3.93308126315789,bw,static,static,4,6,3,13,1,1,512
NEMO,CHAT,B_star,cp_et,2270.7,1.2141141917808218,0.9050038859329227,0.30869288238555326,2270.7,1.2141141917808218,1.0,1.0,fresh_simulator_replay,2509.05,3.93308126315789,bw,static,elastic,16,4,7,11,1,1,384
NEMO,CHAT,B_star,cp_et_db,2766.6,0.7177710250666667,1.1026484127458598,0.182495854278476,2305.5,1.2817339733333333,1.2,0.56,fresh_simulator_replay_with_dynamic_batching_processing,2509.05,3.93308126315789,bw,vllm,elastic,16,4,5,13,1,1,384
NEMO,CHAT,M_T,cp,2986.77,19.225538068965516,1.058597737325621,1.5683364955499117,2986.77,19.225538068965516,1.0,1.0,fresh_simulator_replay,2821.44,12.2585542857143,bw,static,static,64,6,5,11,1,1,384
NEMO,CHAT,M_T,cp_et,5159.55,5.465222818181818,1.828693858455257,0.4458293115812851,5159.55,5.465222818181818,1.0,1.0,fresh_simulator_replay,2821.44,12.2585542857143,bw,static,elastic,64,6,5,11,1,1,384
NEMO,CHAT,M_T,cp_et_db,6113.712,6.128361454545455,2.1668764886015652,0.49992530209596064,5094.76,6.128361454545455,1.2,1.0,fresh_simulator_replay_with_dynamic_batching_processing,2821.44,12.2585542857143,bw,vllm,elastic,64,6,5,11,1,1,384
NEMO,BWB,B_star,cp,563.98,14.977963800000001,1.2836106243029792,1.0866791446193655,563.98,14.977963800000001,1.0,1.0,fresh_simulator_replay,439.37,13.783244,bw,static,static,2,4,9,7,3,1,512
NEMO,BWB,B_star,cp_et,658.62,13.470562888888889,1.4990099460591302,0.9773144035532484,658.62,13.470562888888889,1.0,1.0,fresh_simulator_replay,439.37,13.783244,bw,static,elastic,2,6,7,7,3,1,512
NEMO,BWB,B_star,cp_et_db,789.3359999999999,7.397345884444445,1.7965177413114228,0.5366912088652313,657.78,13.209546222222222,1.2,0.56,fresh_simulator_replay_with_dynamic_batching_processing,439.37,13.783244,bw,vllm,elastic,2,6,7,7,3,1,512
NEMO,BWB,M_T,cp,1143.68,61.812699,1.535450090622273,1.1102898590027936,1143.68,61.812699,1.0,1.0,fresh_simulator_replay,744.85,55.6725782,bw,static,static,8,4,9,7,3,1,512
NEMO,BWB,M_T,cp_et,1358.88,47.926784,1.8243673222796537,0.8608687714771579,1358.88,47.926784,1.0,1.0,fresh_simulator_replay,744.85,55.6725782,bw,static,elastic,8,4,9,7,3,1,512
NEMO,BWB,M_T,cp_et_db,1427.44,53.99320266666666,1.9164127005437337,0.9698347806473001,1427.44,53.99320266666666,1.0,1.0,fresh_simulator_replay_with_dynamic_batching_processing,744.85,55.6725782,bw,vllm,elastic,8,6,7,7,3,1,512
LLAMA3,ARXIV,B_star,rr_baseline,133.12,25.9565596666667,1.0,1.0,133.12,25.9565596666667,1.0,1.0,prepared_rr_static_baseline,133.12,25.9565596666667,rr,static,static,2,7,0,0,9,8,256
LLAMA3,ARXIV,M_T,rr_baseline,149.75,30.3414185945946,1.0,1.0,149.75,30.3414185945946,1.0,1.0,prepared_rr_static_baseline,149.75,30.3414185945946,rr,static,static,2,6,0,0,10,8,384
LLAMA3,LW,B_star,rr_baseline,1480.06,3.31098571428571,1.0,1.0,1480.06,3.31098571428571,1.0,1.0,prepared_rr_static_baseline,1480.06,3.31098571428571,rr,static,static,8,4,0,0,12,8,512
LLAMA3,LW,M_T,rr_baseline,2507.02,10.613908,1.0,1.0,2507.02,10.613908,1.0,1.0,prepared_rr_static_baseline,2507.02,10.613908,rr,static,static,16,11,0,0,5,8,384
LLAMA3,CHAT,B_star,rr_baseline,767.18,1.23771899029126,1.0,1.0,767.18,1.23771899029126,1.0,1.0,prepared_rr_static_baseline,767.18,1.23771899029126,rr,static,static,4,5,0,0,3,16,384
LLAMA3,CHAT,M_T,rr_baseline,1511.04,3.82863730434783,1.0,1.0,1511.04,3.82863730434783,1.0,1.0,prepared_rr_static_baseline,1511.04,3.82863730434783,rr,static,static,16,8,0,0,4,12,512
LLAMA3,BWB,B_star,rr_baseline,268.36,48.0995716,1.0,1.0,268.36,48.0995716,1.0,1.0,prepared_rr_static_baseline,268.36,48.0995716,rr,static,static,2,4,0,0,12,8,384
LLAMA3,BWB,M_T,rr_baseline,268.36,48.0995716,1.0,1.0,268.36,48.0995716,1.0,1.0,prepared_rr_static_baseline,268.36,48.0995716,rr,static,static,2,4,0,0,12,8,384
MAMBA2,ARXIV,B_star,rr_baseline,558.44,4.19354661290323,1.0,1.0,558.44,4.19354661290323,1.0,1.0,prepared_rr_static_baseline,558.44,4.19354661290323,rr,static,static,2,5,9,10,0,0,384
MAMBA2,ARXIV,M_T,rr_baseline,929.1,39.0002153846154,1.0,1.0,929.1,39.0002153846154,1.0,1.0,prepared_rr_static_baseline,929.1,39.0002153846154,rr,static,static,16,5,9,10,0,0,384
MAMBA2,LW,B_star,rr_baseline,7930.02,7.95683221052632,1.0,1.0,7930.02,7.95683221052632,1.0,1.0,prepared_rr_static_baseline,7930.02,7.95683221052632,rr,static,static,16,5,8,11,0,0,512
MAMBA2,LW,M_T,rr_baseline,8750.94,10.4173748888889,1.0,1.0,8750.94,10.4173748888889,1.0,1.0,prepared_rr_static_baseline,8750.94,10.4173748888889,rr,static,static,16,6,5,13,0,0,512
MAMBA2,CHAT,B_star,rr_baseline,2031.17,1.08407165625,1.0,1.0,2031.17,1.08407165625,1.0,1.0,prepared_rr_static_baseline,2031.17,1.08407165625,rr,static,static,8,4,4,16,0,0,512
MAMBA2,CHAT,M_T,rr_baseline,5438.77,11.2533537674419,1.0,1.0,5438.77,11.2533537674419,1.0,1.0,prepared_rr_static_baseline,5438.77,11.2533537674419,rr,static,static,64,4,3,17,0,0,256
MAMBA2,BWB,B_star,rr_baseline,1410.68,16.8900748571429,1.0,1.0,1410.68,16.8900748571429,1.0,1.0,prepared_rr_static_baseline,1410.68,16.8900748571429,rr,static,static,4,7,9,8,0,0,512
MAMBA2,BWB,M_T,rr_baseline,3007.71,45.3835323333333,1.0,1.0,3007.71,45.3835323333333,1.0,1.0,prepared_rr_static_baseline,3007.71,45.3835323333333,rr,static,static,16,2,14,8,0,0,512
NEMO,ARXIV,B_star,rr_baseline,340.52,8.63891560493827,1.0,1.0,340.52,8.63891560493827,1.0,1.0,prepared_rr_static_baseline,340.52,8.63891560493827,rr,static,static,2,6,7,7,3,1,384
NEMO,ARXIV,M_T,rr_baseline,361.02,10.3110672098765,1.0,1.0,361.02,10.3110672098765,1.0,1.0,prepared_rr_static_baseline,361.02,10.3110672098765,rr,static,static,2,6,7,7,3,1,512
NEMO,LW,B_star,rr_baseline,5165.01,12.9890231111111,1.0,1.0,5165.01,12.9890231111111,1.0,1.0,prepared_rr_static_baseline,5165.01,12.9890231111111,rr,static,static,16,6,7,9,1,1,512
NEMO,LW,M_T,rr_baseline,5324.29,14.3285731111111,1.0,1.0,5324.29,14.3285731111111,1.0,1.0,prepared_rr_static_baseline,5324.29,14.3285731111111,rr,static,static,16,6,5,9,1,3,512
NEMO,CHAT,B_star,rr_baseline,2509.05,3.93308126315789,1.0,1.0,2509.05,3.93308126315789,1.0,1.0,prepared_rr_static_baseline,2509.05,3.93308126315789,rr,static,static,64,2,9,7,3,3,256
NEMO,CHAT,M_T,rr_baseline,2821.44,12.2585542857143,1.0,1.0,2821.44,12.2585542857143,1.0,1.0,prepared_rr_static_baseline,2821.44,12.2585542857143,rr,static,static,32,4,5,13,1,1,384
NEMO,BWB,B_star,rr_baseline,439.37,13.783244,1.0,1.0,439.37,13.783244,1.0,1.0,prepared_rr_static_baseline,439.37,13.783244,rr,static,static,2,2,11,7,3,1,512
NEMO,BWB,M_T,rr_baseline,744.85,55.6725782,1.0,1.0,744.85,55.6725782,1.0,1.0,prepared_rr_static_baseline,744.85,55.6725782,rr,static,static,4,6,7,7,3,1,512
