model,dataset,objective,policy,placer,request_scheduler,task_scheduler,batchsize,Num M,Num Mp,Num Md,Num Ap,Num Ad,NoI_bw(GBps),reference_tokens_per_sec,reference_TTFT(s),baseline_tokens_per_sec,baseline_TTFT(s)
LLAMA3,ARXIV,B_star,cp,bw,static,static,2,7,0,0,9,8,384,241.83,14.406367525423727,133.12,25.956559666666667
LLAMA3,ARXIV,B_star,cp_et,bw,static,elastic,2,6,0,0,10,8,384,289.05,9.272164869565216,133.12,25.956559666666667
LLAMA3,ARXIV,B_star,cp_et_db,bw,vllm,elastic,2,5,0,0,12,7,384,311.616,5.176445120000001,133.12,25.956559666666667
LLAMA3,ARXIV,M_T,cp,bw,static,static,4,5,0,0,9,10,384,276.84,31.216714705882353,149.75,30.341418594594593
LLAMA3,ARXIV,M_T,cp_et,bw,static,elastic,2,6,0,0,10,8,384,288.9,9.338402550724636,149.75,30.341418594594593
LLAMA3,ARXIV,M_T,cp_et_db,bw,vllm,elastic,2,6,0,0,10,8,384,348.36,9.180183710144927,149.75,30.341418594594593
LLAMA3,LW,B_star,cp,bw,static,static,32,5,0,0,7,12,256,1189.69,2.09647,1480.06,3.310985714285714
LLAMA3,LW,B_star,cp_et,bw,static,elastic,4,4,0,0,8,12,512,1378.85,1.5264586666666669,1480.06,3.310985714285714
LLAMA3,LW,B_star,cp_et_db,bw,vllm,elastic,6,6,0,0,9,9,512,2332.968,2.4286183288888887,1480.06,3.310985714285714
LLAMA3,LW,M_T,cp,bw,static,static,16,11,0,0,5,8,384,2935.52,18.149562399999997,2507.02,10.613908
LLAMA3,LW,M_T,cp_et,bw,static,elastic,16,11,0,0,5,8,384,3233.52,10.505312400000001,2507.02,10.613908
LLAMA3,LW,M_T,cp_et_db,bw,vllm,elastic,16,9,0,0,7,8,384,4481.412,8.446008266666668,2507.02,10.613908
LLAMA3,CHAT,B_star,cp,bw,static,static,2,5,0,0,3,16,640,636.92,0.6783349112426036,767.18,1.237718990291262
LLAMA3,CHAT,B_star,cp_et,bw,static,elastic,4,7,0,0,5,12,512,878.4,0.6301962782608695,767.18,1.237718990291262
LLAMA3,CHAT,B_star,cp_et_db,bw,vllm,elastic,4,7,0,0,6,11,512,838.26,0.6084873333333334,767.18,1.237718990291262
LLAMA3,CHAT,M_T,cp,bw,static,static,16,8,0,0,4,12,512,1820.34,5.097964271186441,1511.04,3.828637304347826
LLAMA3,CHAT,M_T,cp_et,bw,static,elastic,16,8,0,0,4,12,512,2378.92,2.0588275675675676,1511.04,3.828637304347826
LLAMA3,CHAT,M_T,cp_et_db,bw,vllm,elastic,16,8,0,0,4,12,512,2919.696,2.3248508266666668,1511.04,3.828637304347826
LLAMA3,BWB,B_star,cp,bw,static,static,2,8,0,0,8,8,512,400.56,27.85080025,268.36,48.099571600000004
LLAMA3,BWB,B_star,cp_et,bw,static,elastic,2,5,0,0,8,11,512,478.08,30.53324589473684,268.36,48.099571600000004
LLAMA3,BWB,B_star,cp_et_db,bw,vllm,elastic,2,6,0,0,10,8,384,425.73599999999993,11.915309404444447,268.36,48.099571600000004
LLAMA3,BWB,M_T,cp,bw,static,static,8,6,0,0,8,10,384,536.88,68.12687333333332,268.36,48.099571600000004
LLAMA3,BWB,M_T,cp_et,bw,static,elastic,4,5,0,0,8,11,384,603.42,46.08619775,268.36,48.099571600000004
LLAMA3,BWB,M_T,cp_et_db,bw,vllm,elastic,2,5,0,0,8,11,512,567.12,30.53036168421053,268.36,48.099571600000004
MAMBA2,ARXIV,B_star,cp,bw,static,static,2,5,8,11,0,0,384,568.09,4.419540256,558.44,4.1935466129032255
MAMBA2,ARXIV,B_star,cp_et,bw,static,elastic,2,5,8,11,0,0,384,621.17,3.3634780597014924,558.44,4.1935466129032255
MAMBA2,ARXIV,B_star,cp_et_db,bw,vllm,elastic,2,5,8,11,0,0,384,745.4039999999999,1.883547713432836,558.44,4.1935466129032255
MAMBA2,ARXIV,M_T,cp,bw,static,static,16,5,8,11,0,0,384,923.21,38.869453846153846,929.1,39.00021538461539
MAMBA2,ARXIV,M_T,cp_et,bw,static,elastic,16,6,9,9,0,0,384,1063.07,25.750623076923077,929.1,39.00021538461539
MAMBA2,ARXIV,M_T,cp_et_db,bw,vllm,elastic,16,5,8,11,0,0,384,1250.772,31.26661153846154,929.1,39.00021538461539
MAMBA2,LW,B_star,cp,bw,static,static,16,5,8,11,0,0,512,8110.76,7.9159374736842105,7930.02,7.956832210526316
MAMBA2,LW,B_star,cp_et,bw,static,elastic,16,4,10,10,0,0,384,6859.49,3.332736,7930.02,7.956832210526316
MAMBA2,LW,B_star,cp_et_db,bw,vllm,elastic,16,4,10,10,0,0,384,6859.49,3.332736,7930.02,7.956832210526316
MAMBA2,LW,M_T,cp,bw,static,static,16,6,4,14,0,0,512,8861.77,12.950191555555556,8750.94,10.417374888888888
MAMBA2,LW,M_T,cp_et,bw,static,elastic,16,6,4,14,0,0,512,9811.95,10.586519333333333,8750.94,10.417374888888888
MAMBA2,LW,M_T,cp_et_db,bw,vllm,elastic,16,6,4,14,0,0,512,11774.34,10.586519333333333,8750.94,10.417374888888888
MAMBA2,CHAT,B_star,cp,bw,static,static,8,6,4,14,0,0,384,1873.46,1.045476452173913,2031.17,1.08407165625
MAMBA2,CHAT,B_star,cp_et,bw,static,elastic,8,6,4,14,0,0,512,2358.99,0.501115205479452,2031.17,1.08407165625
MAMBA2,CHAT,B_star,cp_et_db,bw,vllm,elastic,4,6,2,16,0,0,512,1490.96,0.3596142245989305,2031.17,1.08407165625
MAMBA2,CHAT,M_T,cp,bw,static,static,64,3,5,16,0,0,256,5452.69,9.78871888372093,5438.77,11.253353767441862
MAMBA2,CHAT,M_T,cp_et,bw,static,elastic,64,4,3,17,0,0,256,6843.39,4.105196561403509,5438.77,11.253353767441862
MAMBA2,CHAT,M_T,cp_et_db,bw,vllm,elastic,64,4,3,17,0,0,256,8212.068,4.105196561403509,5438.77,11.253353767441862
MAMBA2,BWB,B_star,cp,bw,static,static,4,7,9,8,0,0,512,1437.68,16.17828309090909,1410.68,16.890074857142857
MAMBA2,BWB,B_star,cp_et,bw,static,elastic,4,5,8,11,0,0,512,1613.58,17.853584769230768,1410.68,16.890074857142857
MAMBA2,BWB,B_star,cp_et_db,bw,vllm,elastic,4,5,8,11,0,0,512,1936.2959999999998,9.998007470769231,1410.68,16.890074857142857
MAMBA2,BWB,M_T,cp,bw,static,static,8,12,4,8,0,0,512,1756.79,54.91229833333333,3007.71,45.383532333333335
MAMBA2,BWB,M_T,cp_et,bw,static,elastic,8,5,8,11,0,0,512,2763.34,41.51141936842105,3007.71,45.383532333333335
MAMBA2,BWB,M_T,cp_et_db,bw,vllm,elastic,8,5,8,11,0,0,512,3316.0080000000003,41.51141936842105,3007.71,45.383532333333335
NEMO,ARXIV,B_star,cp,bw,static,static,2,6,5,11,1,1,384,394.5,8.58492643478261,340.52,8.638915604938273
NEMO,ARXIV,B_star,cp_et,bw,static,elastic,2,6,7,7,3,1,512,428.87,5.61236225,340.52,8.638915604938273
NEMO,ARXIV,B_star,cp_et_db,bw,vllm,elastic,2,6,7,7,3,1,384,477.01199999999994,2.8417500208695654,340.52,8.638915604938273
NEMO,ARXIV,M_T,cp,bw,static,static,4,6,7,7,3,1,384,441.53,15.739659094339622,361.02,10.311067209876542
NEMO,ARXIV,M_T,cp_et,bw,static,elastic,2,6,7,7,3,1,512,427.19,5.676772666666667,361.02,10.311067209876542
NEMO,ARXIV,M_T,cp_et_db,bw,vllm,elastic,4,6,7,7,3,1,384,523.46,10.013090137931034,361.02,10.311067209876542
NEMO,LW,B_star,cp,bw,static,static,16,6,7,9,1,1,384,4655.74,11.040949111111113,5165.01,12.989023111111113
NEMO,LW,B_star,cp_et,bw,static,elastic,16,6,5,9,1,3,512,6642.06,9.052035111111111,5165.01,12.989023111111113
NEMO,LW,B_star,cp_et_db,bw,vllm,elastic,16,6,5,9,1,3,512,7845.096,5.544946773333333,5165.01,12.989023111111113
NEMO,LW,M_T,cp,bw,static,static,32,4,5,11,1,3,384,5621.19,19.3271344,5324.29,14.328573111111112
NEMO,LW,M_T,cp_et,bw,static,elastic,16,6,5,9,1,3,512,6602.62,9.433118444444444,5324.29,14.328573111111112
NEMO,LW,M_T,cp_et_db,bw,vllm,elastic,16,6,5,9,1,3,512,7845.096,9.901690666666665,5324.29,14.328573111111112
NEMO,CHAT,B_star,cp,bw,static,static,4,6,3,13,1,1,512,948.6,0.8231253548387097,2509.05,3.9330812631578946
NEMO,CHAT,B_star,cp_et,bw,static,elastic,16,4,7,11,1,1,384,2270.7,1.2141141917808218,2509.05,3.9330812631578946
NEMO,CHAT,B_star,cp_et_db,bw,vllm,elastic,16,4,5,13,1,1,384,2766.6,0.7177710250666667,2509.05,3.9330812631578946
NEMO,CHAT,M_T,cp,bw,static,static,64,6,5,11,1,1,384,2986.77,19.225538068965516,2821.44,12.258554285714286
NEMO,CHAT,M_T,cp_et,bw,static,elastic,64,6,5,11,1,1,384,5159.55,5.465222818181818,2821.44,12.258554285714286
NEMO,CHAT,M_T,cp_et_db,bw,vllm,elastic,64,6,5,11,1,1,384,6113.712,6.128361454545455,2821.44,12.258554285714286
NEMO,BWB,B_star,cp,bw,static,static,2,4,9,7,3,1,512,563.98,14.977963800000001,439.37,13.783244
NEMO,BWB,B_star,cp_et,bw,static,elastic,2,6,7,7,3,1,512,658.62,13.470562888888889,439.37,13.783244
NEMO,BWB,B_star,cp_et_db,bw,vllm,elastic,2,6,7,7,3,1,512,789.3359999999999,7.397345884444445,439.37,13.783244
NEMO,BWB,M_T,cp,bw,static,static,8,4,9,7,3,1,512,1143.68,61.812699,744.85,55.672578200000004
NEMO,BWB,M_T,cp_et,bw,static,elastic,8,4,9,7,3,1,512,1358.88,47.926784,744.85,55.672578200000004
NEMO,BWB,M_T,cp_et_db,bw,vllm,elastic,8,6,7,7,3,1,512,1427.44,53.99320266666666,744.85,55.672578200000004
LLAMA3,ARXIV,B_star,rr_baseline,rr,static,static,2,7,0,0,9,8,256,133.12,25.956559666666667,133.12,25.956559666666667
LLAMA3,ARXIV,M_T,rr_baseline,rr,static,static,2,6,0,0,10,8,384,149.75,30.341418594594593,149.75,30.341418594594593
LLAMA3,LW,B_star,rr_baseline,rr,static,static,8,4,0,0,12,8,512,1480.06,3.310985714285714,1480.06,3.310985714285714
LLAMA3,LW,M_T,rr_baseline,rr,static,static,16,11,0,0,5,8,384,2507.02,10.613908,2507.02,10.613908
LLAMA3,CHAT,B_star,rr_baseline,rr,static,static,4,5,0,0,3,16,384,767.18,1.237718990291262,767.18,1.237718990291262
LLAMA3,CHAT,M_T,rr_baseline,rr,static,static,16,8,0,0,4,12,512,1511.04,3.828637304347826,1511.04,3.828637304347826
LLAMA3,BWB,B_star,rr_baseline,rr,static,static,2,4,0,0,12,8,384,268.36,48.099571600000004,268.36,48.099571600000004
LLAMA3,BWB,M_T,rr_baseline,rr,static,static,2,4,0,0,12,8,384,268.36,48.099571600000004,268.36,48.099571600000004
MAMBA2,ARXIV,B_star,rr_baseline,rr,static,static,2,5,9,10,0,0,384,558.44,4.1935466129032255,558.44,4.1935466129032255
MAMBA2,ARXIV,M_T,rr_baseline,rr,static,static,16,5,9,10,0,0,384,929.1,39.00021538461539,929.1,39.00021538461539
MAMBA2,LW,B_star,rr_baseline,rr,static,static,16,5,8,11,0,0,512,7930.02,7.956832210526316,7930.02,7.956832210526316
MAMBA2,LW,M_T,rr_baseline,rr,static,static,16,6,5,13,0,0,512,8750.94,10.417374888888888,8750.94,10.417374888888888
MAMBA2,CHAT,B_star,rr_baseline,rr,static,static,8,4,4,16,0,0,512,2031.17,1.08407165625,2031.17,1.08407165625
MAMBA2,CHAT,M_T,rr_baseline,rr,static,static,64,4,3,17,0,0,256,5438.77,11.253353767441862,5438.77,11.253353767441862
MAMBA2,BWB,B_star,rr_baseline,rr,static,static,4,7,9,8,0,0,512,1410.68,16.890074857142857,1410.68,16.890074857142857
MAMBA2,BWB,M_T,rr_baseline,rr,static,static,16,2,14,8,0,0,512,3007.71,45.383532333333335,3007.71,45.383532333333335
NEMO,ARXIV,B_star,rr_baseline,rr,static,static,2,6,7,7,3,1,384,340.52,8.638915604938273,340.52,8.638915604938273
NEMO,ARXIV,M_T,rr_baseline,rr,static,static,2,6,7,7,3,1,512,361.02,10.311067209876542,361.02,10.311067209876542
NEMO,LW,B_star,rr_baseline,rr,static,static,16,6,7,9,1,1,512,5165.01,12.989023111111113,5165.01,12.989023111111113
NEMO,LW,M_T,rr_baseline,rr,static,static,16,6,5,9,1,3,512,5324.29,14.328573111111112,5324.29,14.328573111111112
NEMO,CHAT,B_star,rr_baseline,rr,static,static,64,2,9,7,3,3,256,2509.05,3.9330812631578946,2509.05,3.9330812631578946
NEMO,CHAT,M_T,rr_baseline,rr,static,static,32,4,5,13,1,1,384,2821.44,12.258554285714286,2821.44,12.258554285714286
NEMO,BWB,B_star,rr_baseline,rr,static,static,2,2,11,7,3,1,512,439.37,13.783244,439.37,13.783244
NEMO,BWB,M_T,rr_baseline,rr,static,static,4,6,7,7,3,1,512,744.85,55.672578200000004,744.85,55.672578200000004
