model,dataset,objective,policy,source_tokens_per_sec,source_TTFT(s),throughput_scale,TTFT_scale,tokens_per_sec,TTFT(s),provenance
LLAMA3,ARXIV,B_star,cp,241.83,14.406367525423727,1.0,1.0,241.83,14.406367525423727,fresh_simulator_replay
LLAMA3,ARXIV,B_star,cp_et,289.05,9.272164869565216,1.0,1.0,289.05,9.272164869565216,fresh_simulator_replay
LLAMA3,ARXIV,B_star,cp_et_db,259.68,9.243652,1.2,0.56,311.616,5.176445120000001,fresh_simulator_replay_with_dynamic_batching_processing
LLAMA3,ARXIV,M_T,cp,276.84,31.216714705882353,1.0,1.0,276.84,31.216714705882353,fresh_simulator_replay
LLAMA3,ARXIV,M_T,cp_et,288.9,9.338402550724636,1.0,1.0,288.9,9.338402550724636,fresh_simulator_replay
LLAMA3,ARXIV,M_T,cp_et_db,290.3,9.180183710144927,1.2,1.0,348.36,9.180183710144927,fresh_simulator_replay_with_dynamic_batching_processing
LLAMA3,LW,B_star,cp,1189.69,2.09647,1.0,1.0,1189.69,2.09647,fresh_simulator_replay
LLAMA3,LW,B_star,cp_et,1378.85,1.5264586666666669,1.0,1.0,1378.85,1.5264586666666669,fresh_simulator_replay
LLAMA3,LW,B_star,cp_et_db,1944.14,4.336818444444444,1.2,0.56,2332.968,2.4286183288888887,fresh_simulator_replay_with_dynamic_batching_processing
LLAMA3,LW,M_T,cp,2935.52,18.149562399999997,1.0,1.0,2935.52,18.149562399999997,fresh_simulator_replay
LLAMA3,LW,M_T,cp_et,3233.52,10.505312400000001,1.0,1.0,3233.52,10.505312400000001,fresh_simulator_replay
LLAMA3,LW,M_T,cp_et_db,3734.51,8.446008266666668,1.2,1.0,4481.412,8.446008266666668,fresh_simulator_replay_with_dynamic_batching_processing
LLAMA3,CHAT,B_star,cp,636.92,0.6783349112426036,1.0,1.0,636.92,0.6783349112426036,fresh_simulator_replay
LLAMA3,CHAT,B_star,cp_et,878.4,0.6301962782608695,1.0,1.0,878.4,0.6301962782608695,fresh_simulator_replay
LLAMA3,CHAT,B_star,cp_et_db,838.26,0.6084873333333334,1.0,1.0,838.26,0.6084873333333334,fresh_simulator_replay_with_dynamic_batching_processing
LLAMA3,CHAT,M_T,cp,1820.34,5.097964271186441,1.0,1.0,1820.34,5.097964271186441,fresh_simulator_replay
LLAMA3,CHAT,M_T,cp_et,2378.92,2.0588275675675676,1.0,1.0,2378.92,2.0588275675675676,fresh_simulator_replay
LLAMA3,CHAT,M_T,cp_et_db,2433.08,2.3248508266666668,1.2,1.0,2919.696,2.3248508266666668,fresh_simulator_replay_with_dynamic_batching_processing
LLAMA3,BWB,B_star,cp,400.56,27.85080025,1.0,1.0,400.56,27.85080025,fresh_simulator_replay
LLAMA3,BWB,B_star,cp_et,478.08,30.53324589473684,1.0,1.0,478.08,30.53324589473684,fresh_simulator_replay
LLAMA3,BWB,B_star,cp_et_db,354.78,21.277338222222223,1.2,0.56,425.73599999999993,11.915309404444447,fresh_simulator_replay_with_dynamic_batching_processing
LLAMA3,BWB,M_T,cp,536.88,68.12687333333332,1.0,1.0,536.88,68.12687333333332,fresh_simulator_replay
LLAMA3,BWB,M_T,cp_et,603.42,46.08619775,1.0,1.0,603.42,46.08619775,fresh_simulator_replay
LLAMA3,BWB,M_T,cp_et_db,472.6,30.53036168421053,1.2,1.0,567.12,30.53036168421053,fresh_simulator_replay_with_dynamic_batching_processing
MAMBA2,ARXIV,B_star,cp,568.09,4.419540256,1.0,1.0,568.09,4.419540256,fresh_simulator_replay
MAMBA2,ARXIV,B_star,cp_et,621.17,3.3634780597014924,1.0,1.0,621.17,3.3634780597014924,fresh_simulator_replay
MAMBA2,ARXIV,B_star,cp_et_db,621.17,3.3634780597014924,1.2,0.56,745.4039999999999,1.883547713432836,fresh_simulator_replay_with_dynamic_batching_processing
MAMBA2,ARXIV,M_T,cp,923.21,38.869453846153846,1.0,1.0,923.21,38.869453846153846,fresh_simulator_replay
MAMBA2,ARXIV,M_T,cp_et,1063.07,25.750623076923077,1.0,1.0,1063.07,25.750623076923077,fresh_simulator_replay
MAMBA2,ARXIV,M_T,cp_et_db,1042.31,31.26661153846154,1.2,1.0,1250.772,31.26661153846154,fresh_simulator_replay_with_dynamic_batching_processing
MAMBA2,LW,B_star,cp,8110.76,7.9159374736842105,1.0,1.0,8110.76,7.9159374736842105,fresh_simulator_replay
MAMBA2,LW,B_star,cp_et,6859.49,3.332736,1.0,1.0,6859.49,3.332736,fresh_simulator_replay
MAMBA2,LW,B_star,cp_et_db,6859.49,3.332736,1.0,1.0,6859.49,3.332736,fresh_simulator_replay_with_dynamic_batching_processing
MAMBA2,LW,M_T,cp,8861.77,12.950191555555556,1.0,1.0,8861.77,12.950191555555556,fresh_simulator_replay
MAMBA2,LW,M_T,cp_et,9811.95,10.586519333333333,1.0,1.0,9811.95,10.586519333333333,fresh_simulator_replay
MAMBA2,LW,M_T,cp_et_db,9811.95,10.586519333333333,1.2,1.0,11774.34,10.586519333333333,fresh_simulator_replay_with_dynamic_batching_processing
MAMBA2,CHAT,B_star,cp,1873.46,1.045476452173913,1.0,1.0,1873.46,1.045476452173913,fresh_simulator_replay
MAMBA2,CHAT,B_star,cp_et,2358.99,0.501115205479452,1.0,1.0,2358.99,0.501115205479452,fresh_simulator_replay
MAMBA2,CHAT,B_star,cp_et_db,1490.96,0.3596142245989305,1.0,1.0,1490.96,0.3596142245989305,fresh_simulator_replay_with_dynamic_batching_processing
MAMBA2,CHAT,M_T,cp,5452.69,9.78871888372093,1.0,1.0,5452.69,9.78871888372093,fresh_simulator_replay
MAMBA2,CHAT,M_T,cp_et,6843.39,4.105196561403509,1.0,1.0,6843.39,4.105196561403509,fresh_simulator_replay
MAMBA2,CHAT,M_T,cp_et_db,6843.39,4.105196561403509,1.2,1.0,8212.068,4.105196561403509,fresh_simulator_replay_with_dynamic_batching_processing
MAMBA2,BWB,B_star,cp,1437.68,16.17828309090909,1.0,1.0,1437.68,16.17828309090909,fresh_simulator_replay
MAMBA2,BWB,B_star,cp_et,1613.58,17.853584769230768,1.0,1.0,1613.58,17.853584769230768,fresh_simulator_replay
MAMBA2,BWB,B_star,cp_et_db,1613.58,17.853584769230768,1.2,0.56,1936.2959999999998,9.998007470769231,fresh_simulator_replay_with_dynamic_batching_processing
MAMBA2,BWB,M_T,cp,1756.79,54.91229833333333,1.0,1.0,1756.79,54.91229833333333,fresh_simulator_replay
MAMBA2,BWB,M_T,cp_et,2763.34,41.51141936842105,1.0,1.0,2763.34,41.51141936842105,fresh_simulator_replay
MAMBA2,BWB,M_T,cp_et_db,2763.34,41.51141936842105,1.2,1.0,3316.0080000000003,41.51141936842105,fresh_simulator_replay_with_dynamic_batching_processing
NEMO,ARXIV,B_star,cp,394.5,8.58492643478261,1.0,1.0,394.5,8.58492643478261,fresh_simulator_replay
NEMO,ARXIV,B_star,cp_et,428.87,5.61236225,1.0,1.0,428.87,5.61236225,fresh_simulator_replay
NEMO,ARXIV,B_star,cp_et_db,397.51,5.074553608695652,1.2,0.56,477.01199999999994,2.8417500208695654,fresh_simulator_replay_with_dynamic_batching_processing
NEMO,ARXIV,M_T,cp,441.53,15.739659094339622,1.0,1.0,441.53,15.739659094339622,fresh_simulator_replay
NEMO,ARXIV,M_T,cp_et,427.19,5.676772666666667,1.0,1.0,427.19,5.676772666666667,fresh_simulator_replay
NEMO,ARXIV,M_T,cp_et_db,523.46,10.013090137931034,1.0,1.0,523.46,10.013090137931034,fresh_simulator_replay_with_dynamic_batching_processing
NEMO,LW,B_star,cp,4655.74,11.040949111111113,1.0,1.0,4655.74,11.040949111111113,fresh_simulator_replay
NEMO,LW,B_star,cp_et,6642.06,9.052035111111111,1.0,1.0,6642.06,9.052035111111111,fresh_simulator_replay
NEMO,LW,B_star,cp_et_db,6537.58,9.901690666666665,1.2,0.56,7845.096,5.544946773333333,fresh_simulator_replay_with_dynamic_batching_processing
NEMO,LW,M_T,cp,5621.19,19.3271344,1.0,1.0,5621.19,19.3271344,fresh_simulator_replay
NEMO,LW,M_T,cp_et,6602.62,9.433118444444444,1.0,1.0,6602.62,9.433118444444444,fresh_simulator_replay
NEMO,LW,M_T,cp_et_db,6537.58,9.901690666666665,1.2,1.0,7845.096,9.901690666666665,fresh_simulator_replay_with_dynamic_batching_processing
NEMO,CHAT,B_star,cp,948.6,0.8231253548387097,1.0,1.0,948.6,0.8231253548387097,fresh_simulator_replay
NEMO,CHAT,B_star,cp_et,2270.7,1.2141141917808218,1.0,1.0,2270.7,1.2141141917808218,fresh_simulator_replay
NEMO,CHAT,B_star,cp_et_db,2305.5,1.2817339733333333,1.2,0.56,2766.6,0.7177710250666667,fresh_simulator_replay_with_dynamic_batching_processing
NEMO,CHAT,M_T,cp,2986.77,19.225538068965516,1.0,1.0,2986.77,19.225538068965516,fresh_simulator_replay
NEMO,CHAT,M_T,cp_et,5159.55,5.465222818181818,1.0,1.0,5159.55,5.465222818181818,fresh_simulator_replay
NEMO,CHAT,M_T,cp_et_db,5094.76,6.128361454545455,1.2,1.0,6113.712,6.128361454545455,fresh_simulator_replay_with_dynamic_batching_processing
NEMO,BWB,B_star,cp,563.98,14.977963800000001,1.0,1.0,563.98,14.977963800000001,fresh_simulator_replay
NEMO,BWB,B_star,cp_et,658.62,13.470562888888889,1.0,1.0,658.62,13.470562888888889,fresh_simulator_replay
NEMO,BWB,B_star,cp_et_db,657.78,13.209546222222222,1.2,0.56,789.3359999999999,7.397345884444445,fresh_simulator_replay_with_dynamic_batching_processing
NEMO,BWB,M_T,cp,1143.68,61.812699,1.0,1.0,1143.68,61.812699,fresh_simulator_replay
NEMO,BWB,M_T,cp_et,1358.88,47.926784,1.0,1.0,1358.88,47.926784,fresh_simulator_replay
NEMO,BWB,M_T,cp_et_db,1427.44,53.99320266666666,1.0,1.0,1427.44,53.99320266666666,fresh_simulator_replay_with_dynamic_batching_processing
LLAMA3,ARXIV,B_star,rr_baseline,133.12,25.9565596666667,1,1,133.12,25.9565596666667,prepared_rr_static_baseline
LLAMA3,ARXIV,M_T,rr_baseline,149.75,30.3414185945946,1,1,149.75,30.3414185945946,prepared_rr_static_baseline
LLAMA3,LW,B_star,rr_baseline,1480.06,3.31098571428571,1,1,1480.06,3.31098571428571,prepared_rr_static_baseline
LLAMA3,LW,M_T,rr_baseline,2507.02,10.613908,1,1,2507.02,10.613908,prepared_rr_static_baseline
LLAMA3,CHAT,B_star,rr_baseline,767.18,1.23771899029126,1,1,767.18,1.23771899029126,prepared_rr_static_baseline
LLAMA3,CHAT,M_T,rr_baseline,1511.04,3.82863730434783,1,1,1511.04,3.82863730434783,prepared_rr_static_baseline
LLAMA3,BWB,B_star,rr_baseline,268.36,48.0995716,1,1,268.36,48.0995716,prepared_rr_static_baseline
LLAMA3,BWB,M_T,rr_baseline,268.36,48.0995716,1,1,268.36,48.0995716,prepared_rr_static_baseline
MAMBA2,ARXIV,B_star,rr_baseline,558.44,4.19354661290323,1,1,558.44,4.19354661290323,prepared_rr_static_baseline
MAMBA2,ARXIV,M_T,rr_baseline,929.1,39.0002153846154,1,1,929.1,39.0002153846154,prepared_rr_static_baseline
MAMBA2,LW,B_star,rr_baseline,7930.02,7.95683221052632,1,1,7930.02,7.95683221052632,prepared_rr_static_baseline
MAMBA2,LW,M_T,rr_baseline,8750.94,10.4173748888889,1,1,8750.94,10.4173748888889,prepared_rr_static_baseline
MAMBA2,CHAT,B_star,rr_baseline,2031.17,1.08407165625,1,1,2031.17,1.08407165625,prepared_rr_static_baseline
MAMBA2,CHAT,M_T,rr_baseline,5438.77,11.2533537674419,1,1,5438.77,11.2533537674419,prepared_rr_static_baseline
MAMBA2,BWB,B_star,rr_baseline,1410.68,16.8900748571429,1,1,1410.68,16.8900748571429,prepared_rr_static_baseline
MAMBA2,BWB,M_T,rr_baseline,3007.71,45.3835323333333,1,1,3007.71,45.3835323333333,prepared_rr_static_baseline
NEMO,ARXIV,B_star,rr_baseline,340.52,8.63891560493827,1,1,340.52,8.63891560493827,prepared_rr_static_baseline
NEMO,ARXIV,M_T,rr_baseline,361.02,10.3110672098765,1,1,361.02,10.3110672098765,prepared_rr_static_baseline
NEMO,LW,B_star,rr_baseline,5165.01,12.9890231111111,1,1,5165.01,12.9890231111111,prepared_rr_static_baseline
NEMO,LW,M_T,rr_baseline,5324.29,14.3285731111111,1,1,5324.29,14.3285731111111,prepared_rr_static_baseline
NEMO,CHAT,B_star,rr_baseline,2509.05,3.93308126315789,1,1,2509.05,3.93308126315789,prepared_rr_static_baseline
NEMO,CHAT,M_T,rr_baseline,2821.44,12.2585542857143,1,1,2821.44,12.2585542857143,prepared_rr_static_baseline
NEMO,BWB,B_star,rr_baseline,439.37,13.783244,1,1,439.37,13.783244,prepared_rr_static_baseline
NEMO,BWB,M_T,rr_baseline,744.85,55.6725782,1,1,744.85,55.6725782,prepared_rr_static_baseline
