dataset,objective,placement,config_source,metric_name,metric,norm_vs_rr,tokens_per_sec,TTFT(s),completed_requests,source,reference_metric,reference_norm_vs_rr,reference_tokens_per_sec,reference_TTFT(s),metric_delta_percent,batchsize,Num M,Num Mp,Num Md,Num Ap,Num Ad,NoI_bw(GBps),run_dir
ARXIV,B_star,rr,rr,TP_per_TTFT,39.41698421099844,1.0,340.52,8.638915604938273,,prepared_section_vi_b,39.41698421099844,1.0,340.52,8.638915604938273,0.0,2,6,7,7,3,1,384,
ARXIV,B_star,random,bw,TP_per_TTFT,44.23619696398225,1.1222623407003094,383.15,8.661458857142856,157,reproduced_simulation,44.23619696398225,1.1222623407003094,383.15,8.661458857142856,0.0,2,6,5,11,1,1,384,artifact/run_outputs/vi_d_placement_strategies/fig10/raw_simulations/arxiv/bstar/random/2026-07-22_01-12-42-493296+FIG10_ARXIV_B_star_random_BWCFG_BW384_BS2_M6_Ap1_Ad1_Mp5_Md11
ARXIV,B_star,bw,bw,TP_per_TTFT,46.7992292327976,1.187285891337656,395.02,8.440737304347826,,prepared_section_vi_b,46.7992292327976,1.187285891337656,395.02,8.440737304347826,0.0,2,6,5,11,1,1,384,
ARXIV,M_T,rr,rr,tokens_per_sec,361.02,1.0,361.02,10.311067209876542,,prepared_section_vi_b,361.02,1.0,361.02,10.311067209876542,0.0,2,6,7,7,3,1,512,
ARXIV,M_T,random,rr,tokens_per_sec,374.6,1.0376156445626281,374.6,8.554986622222222,156,reproduced_simulation,374.6,1.0376156445626281,374.6,8.554986622222222,0.0,2,6,7,7,3,1,512,artifact/run_outputs/vi_d_placement_strategies/fig10/raw_simulations/arxiv/mt/random/2026-07-22_01-12-46-927513+FIG10_ARXIV_M_T_random_RRCFG_BW512_BS2_M6_Ap3_Ad1_Mp7_Md7
ARXIV,M_T,bw,bw,tokens_per_sec,450.16,1.2469115284471777,450.16,15.301991169811322,,prepared_section_vi_b,450.16,1.2469115284471777,450.16,15.301991169811322,0.0,4,6,7,7,3,1,384,
BWB,B_star,rr,rr,TP_per_TTFT,31.877111077769502,1.0,439.37,13.783244,,prepared_section_vi_b,31.877111077769502,1.0,439.37,13.783244,0.0,2,2,11,7,3,1,512,
BWB,B_star,random,bw,TP_per_TTFT,37.27556304320429,1.1693519827522756,549.92,14.752828800000001,0,reproduced_simulation,37.27556304320429,1.1693519827522756,549.92,14.752828800000001,0.0,2,4,9,7,3,1,512,artifact/run_outputs/vi_d_placement_strategies/fig10/raw_simulations/bwb/bstar/random/2026-07-22_01-12-46-632863+FIG10_BWB_B_star_random_BWCFG_BW512_BS2_M4_Ap3_Ad1_Mp9_Md7
BWB,B_star,bw,bw,TP_per_TTFT,39.22698048287571,1.2305688676484823,572.9,14.6047438,,prepared_section_vi_b,39.22698048287571,1.2305688676484823,572.9,14.6047438,0.0,2,4,9,7,3,1,512,
BWB,M_T,rr,rr,tokens_per_sec,744.85,1.0,744.85,55.672578200000004,,prepared_section_vi_b,744.85,1.0,744.85,55.672578200000004,0.0,4,6,7,7,3,1,512,
BWB,M_T,random,rr,tokens_per_sec,965.32,1.2959924817077264,965.32,32.92488022222222,0,reproduced_simulation,965.32,1.2959924817077264,965.32,32.92488022222222,0.0,4,6,7,7,3,1,512,artifact/run_outputs/vi_d_placement_strategies/fig10/raw_simulations/bwb/mt/random/2026-07-22_01-12-46-963819+FIG10_BWB_M_T_random_RRCFG_BW512_BS4_M6_Ap3_Ad1_Mp7_Md7
BWB,M_T,bw,bw,tokens_per_sec,1175.36,1.57798214405585,1175.36,59.508309,,prepared_section_vi_b,1175.36,1.57798214405585,1175.36,59.508309,0.0,8,4,9,7,3,1,512,
CHAT,B_star,rr,rr,TP_per_TTFT,637.9349502647877,1.0,2509.05,3.9330812631578946,,prepared_section_vi_b,637.9349502647877,1.0,2509.05,3.9330812631578946,0.0,64,2,9,7,3,3,256,
CHAT,B_star,random,rr,TP_per_TTFT,653.1850106720447,1.0239053533607574,2458.26,3.7634972631578947,1147,reproduced_simulation,653.1850106720447,1.0239053533607574,2458.26,3.7634972631578947,0.0,64,2,9,7,3,3,256,artifact/run_outputs/vi_d_placement_strategies/fig10/raw_simulations/chat/bstar/random/2026-07-22_01-12-42-397195+FIG10_CHAT_B_star_random_RRCFG_BW256_BS64_M2_Ap3_Ad3_Mp9_Md7
CHAT,B_star,bw,bw,TP_per_TTFT,1172.8294075781541,1.8384780565657168,948.39,0.8086342258064516,,prepared_section_vi_b,1172.8294075781541,1.8384780565657168,948.39,0.8086342258064516,0.0,4,6,3,13,1,1,512,
CHAT,M_T,rr,rr,tokens_per_sec,2821.44,1.0,2821.44,12.258554285714286,,prepared_section_vi_b,2821.44,1.0,2821.44,12.258554285714286,0.0,32,4,5,13,1,1,384,
CHAT,M_T,random,rr,tokens_per_sec,2721.88,0.9647130543268686,2721.88,12.949519047619049,1277,reproduced_simulation,2721.88,0.9647130543268686,2721.88,12.949519047619049,0.0,32,4,5,13,1,1,384,artifact/run_outputs/vi_d_placement_strategies/fig10/raw_simulations/chat/mt/random/2026-07-22_01-15-35-582064+FIG10_CHAT_M_T_random_RRCFG_BW384_BS32_M4_Ap1_Ad1_Mp5_Md13
CHAT,M_T,bw,bw,tokens_per_sec,2983.37,1.0573926789157309,2983.37,19.28234151724138,,prepared_section_vi_b,2983.37,1.0573926789157309,2983.37,19.28234151724138,0.0,64,6,5,11,1,1,384,
LW,B_star,rr,rr,TP_per_TTFT,397.6442228039251,1.0,5165.01,12.989023111111113,,prepared_section_vi_b,397.6442228039251,1.0,5165.01,12.989023111111113,0.0,16,6,7,9,1,1,512,
LW,B_star,random,rr,TP_per_TTFT,393.8852141248378,0.9905468042448063,5083.05,12.904901777777779,5,reproduced_simulation,393.8852141248378,0.9905468042448063,5083.05,12.904901777777779,0.0,16,6,7,9,1,1,512,artifact/run_outputs/vi_d_placement_strategies/fig10/raw_simulations/lw/bstar/random/2026-07-22_01-16-21-417341+FIG10_LW_B_star_random_RRCFG_BW512_BS16_M6_Ap1_Ad1_Mp7_Md9
LW,B_star,bw,bw,TP_per_TTFT,408.10945327402993,1.0263180749774532,4506.02,11.041204666666665,,prepared_section_vi_b,408.10945327402993,1.0263180749774532,4506.02,11.041204666666665,0.0,16,6,7,9,1,1,384,
LW,M_T,rr,rr,tokens_per_sec,5324.29,1.0,5324.29,14.328573111111112,,prepared_section_vi_b,5324.29,1.0,5324.29,14.328573111111112,0.0,16,6,5,9,1,3,512,
LW,M_T,random,rr,tokens_per_sec,5284.02,0.9924365502254762,5284.02,14.523674,5,reproduced_simulation,5284.02,0.9924365502254762,5284.02,14.523674,0.0,16,6,5,9,1,3,512,artifact/run_outputs/vi_d_placement_strategies/fig10/raw_simulations/lw/mt/random/2026-07-22_01-16-28-792107+FIG10_LW_M_T_random_RRCFG_BW512_BS16_M6_Ap1_Ad3_Mp5_Md9
LW,M_T,bw,bw,tokens_per_sec,5667.88,1.0645325480017054,5667.88,19.3271344,,prepared_section_vi_b,5667.88,1.0645325480017054,5667.88,19.3271344,0.0,32,4,5,11,1,3,384,
