batchsize,Num M,Num Mp,Num Md,Num Ap,Num Ad,NoI_bw(GBps),tokens_per_sec,TTFT(s),placer,req_scheduler,task_scheduler,source_kind,source_label,source_root,source_dir,simulator_dir,run_dir,is_pareto
2,2,0,0,12,10,256,167.76,10.12990643478261,bw,static,static,results,Results,Results_LLAMA31,LLAMA3-ARXIV-Results,simulator_output_LLAMA3-ARXIV_bwplacement_bs2_staticreq_statictask,SCRUBBED_TIME+LLAMA3-ARXIV_BMPD256_2_12_10,True
2,2,0,0,9,13,256,170.99,10.45162057142857,bw,static,static,results,Results,Results_LLAMA31,LLAMA3-ARXIV-Results,simulator_output_LLAMA3-ARXIV_bwplacement_bs2_staticreq_statictask,SCRUBBED_TIME+LLAMA3-ARXIV_BMPD256_2_9_13,True
2,2,0,0,8,14,256,175.3,10.636610083333334,bw,static,static,results,Results,Results_LLAMA31,LLAMA3-ARXIV-Results,simulator_output_LLAMA3-ARXIV_bwplacement_bs2_staticreq_statictask,SCRUBBED_TIME+LLAMA3-ARXIV_BMPD256_2_8_14,True
2,3,0,0,12,9,256,178.87,12.230983925925925,bw,static,static,results,Results,Results_LLAMA31,LLAMA3-ARXIV-Results,simulator_output_LLAMA3-ARXIV_bwplacement_bs2_staticreq_statictask,SCRUBBED_TIME+LLAMA3-ARXIV_BMPD256_3_12_9,True
2,7,0,0,9,8,256,187.43,12.240888235294118,bw,static,static,results,Results,Results_LLAMA31,LLAMA3-ARXIV-Results,simulator_output_LLAMA3-ARXIV_bwplacement_bs2_staticreq_statictask,SCRUBBED_TIME+LLAMA3-ARXIV_BMPD256_7_9_8,True
2,6,0,0,12,6,384,200.83,12.835872771929823,bw,static,static,results,Results,Results_LLAMA31,LLAMA3-ARXIV-Results,simulator_output_LLAMA3-ARXIV_bwplacement_bs2_staticreq_statictask,SCRUBBED_TIME+LLAMA3-ARXIV_BMPD384_6_12_6,True
2,8,0,0,9,7,384,219.9,13.391525403508773,bw,static,static,results,Results,Results_LLAMA31,LLAMA3-ARXIV-Results,simulator_output_LLAMA3-ARXIV_bwplacement_bs2_staticreq_statictask,SCRUBBED_TIME+LLAMA3-ARXIV_BMPD384_8_9_7,True
2,5,0,0,12,7,384,231.03,13.405084474576272,bw,static,static,results,Results,Results_LLAMA31,LLAMA3-ARXIV-Results,simulator_output_LLAMA3-ARXIV_bwplacement_bs2_staticreq_statictask,SCRUBBED_TIME+LLAMA3-ARXIV_BMPD384_5_12_7,True
2,7,0,0,9,8,384,249.98,13.844502066666667,bw,static,static,results,Results,Results_LLAMA31,LLAMA3-ARXIV-Results,simulator_output_LLAMA3-ARXIV_bwplacement_bs2_staticreq_statictask,SCRUBBED_TIME+LLAMA3-ARXIV_BMPD384_7_9_8,True
2,6,0,0,10,8,384,254.17,14.268897225806452,bw,static,static,results,Results,Results_LLAMA31,LLAMA3-ARXIV-Results,simulator_output_LLAMA3-ARXIV_bwplacement_bs2_staticreq_statictask,SCRUBBED_TIME+LLAMA3-ARXIV_BMPD384_6_10_8,True
2,5,0,0,8,11,384,255.36,15.4273404,bw,static,static,results,Results,Results_LLAMA31,LLAMA3-ARXIV-Results,simulator_output_LLAMA3-ARXIV_bwplacement_bs2_staticreq_statictask,SCRUBBED_TIME+LLAMA3-ARXIV_BMPD384_5_8_11,True
2,5,0,0,8,11,512,255.99,17.797157559322034,bw,static,static,results,Results,Results_LLAMA31,LLAMA3-ARXIV-Results,simulator_output_LLAMA3-ARXIV_bwplacement_bs2_staticreq_statictask,SCRUBBED_TIME+LLAMA3-ARXIV_BMPD512_5_8_11,True
4,4,0,0,12,8,384,269.83,25.448302941176472,bw,static,static,results,Results,Results_LLAMA31,LLAMA3-ARXIV-Results,simulator_output_LLAMA3-ARXIV_bwplacement_bs4_staticreq_statictask,SCRUBBED_TIME+LLAMA3-ARXIV_BMPD384_4_12_8,True
4,4,0,0,9,11,384,277.25,26.510123529411764,bw,static,static,results,Results,Results_LLAMA31,LLAMA3-ARXIV-Results,simulator_output_LLAMA3-ARXIV_bwplacement_bs4_staticreq_statictask,SCRUBBED_TIME+LLAMA3-ARXIV_BMPD384_4_9_11,True
4,5,0,0,9,10,384,285.65,29.58250765714286,bw,static,static,results,Results,Results_LLAMA31,LLAMA3-ARXIV-Results,simulator_output_LLAMA3-ARXIV_bwplacement_bs4_staticreq_statictask,SCRUBBED_TIME+LLAMA3-ARXIV_BMPD384_5_9_10,True
